grid_id,grid_col,grid_row,A_z,building_count,mean_height_m,building_density_per_km2,zone_type
0_43,0,43,4574.7253028846735,0,,0.0,open_area
0_44,0,44,32520.770284785278,0,,0.0,open_area
0_45,0,45,48119.74308884237,0,,0.0,open_area
0_46,0,46,60401.05587036866,3,32.21404459836094,49.66800591099815,open_area
0_47,0,47,56106.79931073337,6,26.53474842411855,106.9389106794439,normal_urban
0_48,0,48,32787.811681934414,3,16.394939856603372,91.49741462169476,normal_urban
0_49,0,49,23739.966498148337,0,,0.0,open_area
0_50,0,50,817.7219570750117,0,,0.0,open_area
10_13,10,13,25810.36856630817,0,,0.0,open_area
10_14,10,14,62500.0,0,,0.0,open_area
10_15,10,15,62500.0,5,9.724995654400427,80.0,normal_urban
10_16,10,16,62500.0,4,13.927009546903863,64.0,open_area
10_17,10,17,62500.0,154,11.830199702630185,2464.0,dense_urban
10_18,10,18,62500.0,75,12.60231840371972,1200.0,dense_urban
10_19,10,19,62500.0,17,23.289855812092764,272.0,dense_urban
10_20,10,20,62500.0,1,8.0,16.0,open_area
10_21,10,21,62500.0,11,11.604865327541775,176.0,normal_urban
10_22,10,22,62500.0,4,11.661598354904033,64.0,open_area
10_23,10,23,62500.0,12,10.436364761701958,192.0,normal_urban
10_24,10,24,62500.0,6,17.052618592442474,96.0,normal_urban
10_25,10,25,62500.0,2,8.77048352346415,32.0,open_area
10_26,10,26,62500.0,3,9.072526136624823,48.0,open_area
10_27,10,27,62500.0,5,9.120184531132324,80.0,normal_urban
10_28,10,28,62500.0,0,,0.0,open_area
10_29,10,29,62500.0,4,28.80633699633001,64.0,open_area
10_30,10,30,62500.0,5,45.575226213269836,80.0,normal_urban
10_31,10,31,62500.0,4,20.974999999999998,64.0,open_area
10_32,10,32,62500.0,3,30.47348439635286,48.0,open_area
10_33,10,33,62500.0,9,17.07933128584038,144.0,normal_urban
10_34,10,34,62500.0,8,12.258620489044695,128.0,normal_urban
10_35,10,35,62500.0,16,48.88694745366355,256.0,dense_urban
10_36,10,36,62500.0,10,107.80123535769022,160.0,normal_urban
10_37,10,37,62500.0,6,66.53242584005214,96.0,normal_urban
10_38,10,38,62500.0,0,,0.0,open_area
10_39,10,39,62500.0,0,,0.0,open_area
10_40,10,40,62500.0,0,,0.0,open_area
10_41,10,41,62500.0,0,,0.0,open_area
10_42,10,42,62500.0,0,,0.0,open_area
10_43,10,43,62500.0,0,,0.0,open_area
10_44,10,44,62500.0,0,,0.0,open_area
10_45,10,45,62500.0,0,,0.0,open_area
10_46,10,46,62500.0,0,,0.0,open_area
10_47,10,47,62500.0,0,,0.0,open_area
10_48,10,48,62500.0,5,30.33825005303679,80.0,normal_urban
10_49,10,49,62500.0,10,52.975086069251574,160.0,normal_urban
10_50,10,50,62500.0,14,36.25714285714285,224.0,dense_urban
10_51,10,51,62500.0,16,46.638036873508256,256.0,dense_urban
10_52,10,52,62500.0,23,47.37624500701799,368.0,dense_urban
10_53,10,53,62500.0,14,27.941773249022155,224.0,dense_urban
10_54,10,54,62500.0,8,50.34112690511739,128.0,normal_urban
10_55,10,55,62500.0,11,33.55482154952277,176.0,normal_urban
10_56,10,56,62500.0,26,53.92038250278669,416.0,dense_urban
10_57,10,57,62500.0,34,51.788897129800155,544.0,dense_urban
10_58,10,58,62500.0,33,49.10672508550681,528.0,dense_urban
10_59,10,59,62500.0,24,46.41158025967835,384.0,dense_urban
10_60,10,60,62500.0,19,63.06189509540164,304.0,dense_urban
10_61,10,61,16345.52366405263,0,,0.0,open_area
11_12,11,12,1234.5756760003137,0,,0.0,open_area
11_13,11,13,54794.163129307904,0,,0.0,open_area
11_14,11,14,62500.0,0,,0.0,open_area
11_15,11,15,62500.0,0,,0.0,open_area
11_16,11,16,62500.0,0,,0.0,open_area
11_17,11,17,62500.0,1,12.855162939805226,16.0,open_area
11_18,11,18,62500.0,27,22.146641301979017,432.0,dense_urban
11_19,11,19,62500.0,4,20.756588771984255,64.0,open_area
11_20,11,20,62500.0,0,,0.0,open_area
11_21,11,21,62500.0,12,35.89332667390421,192.0,normal_urban
11_22,11,22,62500.0,6,88.97990889543773,96.0,normal_urban
11_23,11,23,62500.0,13,59.7507124627627,208.0,dense_urban
11_24,11,24,62500.0,1,11.579926602694687,16.0,open_area
11_25,11,25,62500.0,1,11.850546973428555,16.0,open_area
11_26,11,26,62500.0,0,,0.0,open_area
11_27,11,27,62500.0,0,,0.0,open_area
11_28,11,28,62500.0,0,,0.0,open_area
11_29,11,29,62500.0,2,58.45769003362673,32.0,open_area
11_30,11,30,62500.0,8,87.34935676023544,128.0,normal_urban
11_31,11,31,62500.0,2,58.54489664961696,32.0,open_area
11_32,11,32,62500.0,8,14.922170568228054,128.0,normal_urban
11_33,11,33,62500.0,144,10.838395821460544,2304.0,dense_urban
11_34,11,34,62500.0,24,12.897535476610114,384.0,dense_urban
11_35,11,35,62500.0,11,19.522186224435618,176.0,normal_urban
11_36,11,36,62500.0,6,34.28188153646476,96.0,normal_urban
11_37,11,37,62500.0,12,18.46122022002587,192.0,normal_urban
11_38,11,38,62500.0,22,33.23874726412118,352.0,dense_urban
11_39,11,39,62500.0,13,21.023076923076925,208.0,dense_urban
11_40,11,40,62500.0,0,,0.0,open_area
11_41,11,41,62500.0,0,,0.0,open_area
11_42,11,42,62500.0,0,,0.0,open_area
11_43,11,43,62500.0,0,,0.0,open_area
11_44,11,44,62500.0,0,,0.0,open_area
11_45,11,45,62500.0,0,,0.0,open_area
11_46,11,46,62500.0,0,,0.0,open_area
11_47,11,47,62500.0,0,,0.0,open_area
11_48,11,48,62500.0,2,33.808231150508504,32.0,open_area
11_49,11,49,62500.0,8,25.798465388361027,128.0,normal_urban
11_50,11,50,62500.0,15,28.94965919776708,240.0,dense_urban
11_51,11,51,62500.0,10,13.768744045374177,160.0,normal_urban
11_52,11,52,62500.0,3,43.6,48.0,open_area
11_53,11,53,62500.0,5,23.38618836730811,80.0,normal_urban
11_54,11,54,62500.0,0,,0.0,open_area
11_55,11,55,62500.0,2,25.588328301880754,32.0,open_area
11_56,11,56,62500.0,23,42.7780859925185,368.0,dense_urban
11_57,11,57,62500.0,43,51.529250460608466,688.0,dense_urban
11_58,11,58,62500.0,32,55.43463541613018,512.0,dense_urban
11_59,11,59,62500.0,20,100.39,320.0,dense_urban
11_60,11,60,54872.36221453212,5,124.11999999999998,91.12055319309408,normal_urban
11_61,11,61,446.2026874552441,0,,0.0,open_area
12_12,12,12,23747.109044285025,0,,0.0,open_area
12_13,12,13,62500.0,0,,0.0,open_area
12_14,12,14,62500.0,1,32.8,16.0,open_area
12_15,12,15,62500.0,43,33.623270461910856,688.0,dense_urban
12_16,12,16,62500.0,8,24.86392778870394,128.0,normal_urban
12_17,12,17,62500.0,4,24.380999103871478,64.0,open_area
12_18,12,18,62500.0,19,22.211468526301836,304.0,dense_urban
12_19,12,19,62500.0,0,,0.0,open_area
12_20,12,20,62500.0,1,63.578725750024496,16.0,open_area
12_21,12,21,62500.0,11,50.78148099296868,176.0,normal_urban
12_22,12,22,62500.0,19,46.80836849232245,304.0,dense_urban
12_23,12,23,62500.0,19,25.977677521055835,304.0,dense_urban
12_24,12,24,62500.0,2,15.696718392255505,32.0,open_area
12_25,12,25,62500.0,0,,0.0,open_area
12_26,12,26,62500.0,0,,0.0,open_area
12_27,12,27,62500.0,0,,0.0,open_area
12_28,12,28,62500.0,0,,0.0,open_area
12_29,12,29,62500.0,3,55.74963558016062,48.0,open_area
12_30,12,30,62500.0,3,78.6553343635058,48.0,open_area
12_31,12,31,62500.0,2,53.59605945451927,32.0,open_area
12_32,12,32,62500.0,4,18.321617300080934,64.0,open_area
12_33,12,33,62500.0,112,13.662483527271883,1792.0,dense_urban
12_34,12,34,62500.0,67,12.643357671061697,1072.0,dense_urban
12_35,12,35,62500.0,15,22.043916197922442,240.0,dense_urban
12_36,12,36,62500.0,12,16.790828695783187,192.0,normal_urban
12_37,12,37,62500.0,14,17.201882295717144,224.0,dense_urban
12_38,12,38,62500.0,23,59.41555128583417,368.0,dense_urban
12_39,12,39,62500.0,13,31.146652414101354,208.0,dense_urban
12_40,12,40,62500.0,0,,0.0,open_area
12_41,12,41,62500.0,0,,0.0,open_area
12_42,12,42,62500.0,0,,0.0,open_area
12_43,12,43,62500.0,0,,0.0,open_area
12_44,12,44,62500.0,0,,0.0,open_area
12_45,12,45,62500.0,0,,0.0,open_area
12_46,12,46,62500.0,0,,0.0,open_area
12_47,12,47,62500.0,0,,0.0,open_area
12_48,12,48,62500.0,0,,0.0,open_area
12_49,12,49,62500.0,0,,0.0,open_area
12_50,12,50,62500.0,4,16.125,64.0,open_area
12_51,12,51,62500.0,0,,0.0,open_area
12_52,12,52,62500.0,0,,0.0,open_area
12_53,12,53,62500.0,2,17.700000000000003,32.0,open_area
12_54,12,54,62500.0,2,17.8,32.0,open_area
12_55,12,55,62500.0,0,,0.0,open_area
12_56,12,56,62500.0,19,30.540120893840964,304.0,dense_urban
12_57,12,57,62500.0,19,41.64605889057871,304.0,dense_urban
12_58,12,58,62500.0,14,64.71802616516503,224.0,dense_urban
12_59,12,59,62500.0,14,126.6635097203302,224.0,dense_urban
12_60,12,60,31791.482919477858,1,94.35386150119331,31.454965549509637,open_area
13_11,13,11,715.2306968775209,0,,0.0,open_area
13_12,13,12,53250.24858638827,0,,0.0,open_area
13_13,13,13,62500.0,0,,0.0,open_area
13_14,13,14,62500.0,0,,0.0,open_area
13_15,13,15,62500.0,1,8.0,16.0,open_area
13_16,13,16,62500.0,13,19.192231333393405,208.0,dense_urban
13_17,13,17,62500.0,0,,0.0,open_area
13_18,13,18,62500.0,0,,0.0,open_area
13_19,13,19,62500.0,1,18.320571088925966,16.0,open_area
13_20,13,20,62500.0,0,,0.0,open_area
13_21,13,21,62500.0,3,39.68279877869737,48.0,open_area
13_22,13,22,62500.0,14,35.15248233904759,224.0,dense_urban
13_23,13,23,62500.0,23,66.4304347826087,368.0,dense_urban
13_24,13,24,62500.0,6,73.0900333744491,96.0,normal_urban
13_25,13,25,62500.0,7,53.34131363835537,112.0,normal_urban
13_26,13,26,62500.0,0,,0.0,open_area
13_27,13,27,62500.0,12,12.1798216274896,192.0,normal_urban
13_28,13,28,62500.0,3,11.849881544029614,48.0,open_area
13_29,13,29,62500.0,1,34.8,16.0,open_area
13_30,13,30,62500.0,4,40.119557760852494,64.0,open_area
13_31,13,31,62500.0,1,33.1,16.0,open_area
13_32,13,32,62500.0,0,,0.0,open_area
13_33,13,33,62500.0,0,,0.0,open_area
13_34,13,34,62500.0,17,16.465733800020075,272.0,dense_urban
13_35,13,35,62500.0,22,23.054342195191314,352.0,dense_urban
13_36,13,36,62500.0,9,44.68265442241746,144.0,normal_urban
13_37,13,37,62500.0,6,26.635370311908833,96.0,normal_urban
13_38,13,38,62500.0,18,30.261418360712007,288.0,dense_urban
13_39,13,39,62500.0,4,50.881529685125834,64.0,open_area
13_40,13,40,62500.0,0,,0.0,open_area
13_41,13,41,62500.0,0,,0.0,open_area
13_42,13,42,62500.0,0,,0.0,open_area
13_43,13,43,62500.0,0,,0.0,open_area
13_44,13,44,62500.0,0,,0.0,open_area
13_45,13,45,62500.0,0,,0.0,open_area
13_46,13,46,62500.0,0,,0.0,open_area
13_47,13,47,62500.0,0,,0.0,open_area
13_48,13,48,62500.0,0,,0.0,open_area
13_49,13,49,62500.0,0,,0.0,open_area
13_50,13,50,62500.0,0,,0.0,open_area
13_51,13,51,62500.0,0,,0.0,open_area
13_52,13,52,62500.0,0,,0.0,open_area
13_53,13,53,62500.0,0,,0.0,open_area
13_54,13,54,62500.0,3,13.538246202210873,48.0,open_area
13_55,13,55,62500.0,0,,0.0,open_area
13_56,13,56,62500.0,3,31.766666666666666,48.0,open_area
13_57,13,57,62500.0,7,8.846573569556714,112.0,normal_urban
13_58,13,58,62500.0,6,35.70708436832294,96.0,normal_urban
13_59,13,59,62165.90728168027,0,,0.0,open_area
13_60,13,60,8524.610459358888,0,,0.0,open_area
14_11,14,11,21683.84952226188,0,,0.0,open_area
14_12,14,12,62500.0,0,,0.0,open_area
14_13,14,13,62500.0,0,,0.0,open_area
14_14,14,14,62500.0,0,,0.0,open_area
14_15,14,15,62500.0,3,33.275138343721295,48.0,open_area
14_16,14,16,62500.0,10,30.7283940564484,160.0,normal_urban
14_17,14,17,62500.0,0,,0.0,open_area
14_18,14,18,62500.0,0,,0.0,open_area
14_19,14,19,62500.0,4,12.948084410441547,64.0,open_area
14_20,14,20,62500.0,6,16.75082648463214,96.0,normal_urban
14_21,14,21,62500.0,0,,0.0,open_area
14_22,14,22,62500.0,2,47.85,32.0,open_area
14_23,14,23,62500.0,11,76.11818181818181,176.0,normal_urban
14_24,14,24,62500.0,2,40.81949372374655,32.0,open_area
14_25,14,25,62500.0,1,49.460805534501034,16.0,open_area
14_26,14,26,62500.0,1,17.30197814883018,16.0,open_area
14_27,14,27,62500.0,12,9.716666666666667,192.0,normal_urban
14_28,14,28,62500.0,0,,0.0,open_area
14_29,14,29,62500.0,2,40.38565067276423,32.0,open_area
14_30,14,30,62500.0,1,26.7,16.0,open_area
14_31,14,31,62500.0,3,58.44918738746677,48.0,open_area
14_32,14,32,62500.0,1,45.93152873169791,16.0,open_area
14_33,14,33,62500.0,2,36.555192670978606,32.0,open_area
14_34,14,34,62500.0,4,41.339823347850846,64.0,open_area
14_35,14,35,62500.0,5,22.122798229683386,80.0,normal_urban
14_36,14,36,62500.0,1,50.285714065574325,16.0,open_area
14_37,14,37,62500.0,0,,0.0,open_area
14_38,14,38,62500.0,4,44.96021504929387,64.0,open_area
14_39,14,39,62500.0,0,,0.0,open_area
14_40,14,40,62500.0,0,,0.0,open_area
14_41,14,41,62500.0,0,,0.0,open_area
14_42,14,42,62500.0,0,,0.0,open_area
14_43,14,43,62500.0,0,,0.0,open_area
14_44,14,44,62500.0,0,,0.0,open_area
14_45,14,45,62500.0,0,,0.0,open_area
14_46,14,46,62500.0,0,,0.0,open_area
14_47,14,47,62500.0,0,,0.0,open_area
14_48,14,48,62500.0,0,,0.0,open_area
14_49,14,49,62500.0,0,,0.0,open_area
14_50,14,50,62500.0,0,,0.0,open_area
14_51,14,51,62500.0,0,,0.0,open_area
14_52,14,52,62500.0,0,,0.0,open_area
14_53,14,53,62500.0,0,,0.0,open_area
14_54,14,54,62500.0,0,,0.0,open_area
14_55,14,55,62500.0,0,,0.0,open_area
14_56,14,56,62500.0,0,,0.0,open_area
14_57,14,57,62500.0,8,98.25218686645104,128.0,normal_urban
14_58,14,58,62500.0,1,40.779940683735695,16.0,open_area
14_59,14,59,42932.95687815407,1,61.214751363346785,23.29212969975609,open_area
15_10,15,10,336.7616095358298,0,,0.0,open_area
15_11,15,11,51565.45815175277,0,,0.0,open_area
15_12,15,12,62500.0,0,,0.0,open_area
15_13,15,13,62500.0,0,,0.0,open_area
15_14,15,14,62500.0,0,,0.0,open_area
15_15,15,15,62500.0,20,23.24347107606637,320.0,dense_urban
15_16,15,16,62500.0,26,32.66080491061535,416.0,dense_urban
15_17,15,17,62500.0,0,,0.0,open_area
15_18,15,18,62500.0,9,11.445279702090467,144.0,normal_urban
15_19,15,19,62500.0,1,16.140288837205414,16.0,open_area
15_20,15,20,62500.0,2,18.334800797659412,32.0,open_area
15_21,15,21,62500.0,0,,0.0,open_area
15_22,15,22,62500.0,0,,0.0,open_area
15_23,15,23,62500.0,8,82.87198199482705,128.0,normal_urban
15_24,15,24,62500.0,3,13.339501703201636,48.0,open_area
15_25,15,25,62500.0,0,,0.0,open_area
15_26,15,26,62500.0,2,17.943966425202376,32.0,open_area
15_27,15,27,62500.0,4,14.03505361959865,64.0,open_area
15_28,15,28,62500.0,0,,0.0,open_area
15_29,15,29,62500.0,0,,0.0,open_area
15_30,15,30,62500.0,3,38.64505070022206,48.0,open_area
15_31,15,31,62500.0,2,52.17840484458681,32.0,open_area
15_32,15,32,62500.0,1,32.9,16.0,open_area
15_33,15,33,62500.0,11,20.755827730985025,176.0,normal_urban
15_34,15,34,62500.0,0,,0.0,open_area
15_35,15,35,62500.0,1,22.052394507220363,16.0,open_area
15_36,15,36,62500.0,1,54.42157541726739,16.0,open_area
15_37,15,37,62500.0,3,19.874544222824564,48.0,open_area
15_38,15,38,62500.0,8,23.83864633377702,128.0,normal_urban
15_39,15,39,62500.0,0,,0.0,open_area
15_40,15,40,62500.0,0,,0.0,open_area
15_41,15,41,62500.0,0,,0.0,open_area
15_42,15,42,62500.0,0,,0.0,open_area
15_43,15,43,62500.0,0,,0.0,open_area
15_44,15,44,62500.0,0,,0.0,open_area
15_45,15,45,62500.0,0,,0.0,open_area
15_46,15,46,62500.0,0,,0.0,open_area
15_47,15,47,62500.0,0,,0.0,open_area
15_48,15,48,62500.0,0,,0.0,open_area
15_49,15,49,62500.0,0,,0.0,open_area
15_50,15,50,62500.0,0,,0.0,open_area
15_51,15,51,62500.0,0,,0.0,open_area
15_52,15,52,62500.0,0,,0.0,open_area
15_53,15,53,62500.0,0,,0.0,open_area
15_54,15,54,62500.0,0,,0.0,open_area
15_55,15,55,62500.0,0,,0.0,open_area
15_56,15,56,62500.0,11,94.65870441264256,176.0,normal_urban
15_57,15,57,62500.0,3,103.21071288675131,48.0,open_area
15_58,15,58,62412.17290200699,2,103.87513375133784,32.04503075289798,open_area
15_59,15,59,12864.452761436667,0,,0.0,open_area
16_10,16,10,19620.590000296943,0,,0.0,open_area
16_11,16,11,62500.0,0,,0.0,open_area
16_12,16,12,62500.0,0,,0.0,open_area
16_13,16,13,62500.0,0,,0.0,open_area
16_14,16,14,62500.0,0,,0.0,open_area
16_15,16,15,62500.0,14,27.68546289149146,224.0,dense_urban
16_16,16,16,62500.0,16,38.19315456937581,256.0,dense_urban
16_17,16,17,62500.0,18,37.46078680732524,288.0,dense_urban
16_18,16,18,62500.0,61,13.873465303703869,976.0,dense_urban
16_19,16,19,62500.0,24,15.786716710718197,384.0,dense_urban
16_20,16,20,62500.0,0,,0.0,open_area
16_21,16,21,62500.0,0,,0.0,open_area
16_22,16,22,62500.0,0,,0.0,open_area
16_23,16,23,62500.0,2,45.95,32.0,open_area
16_24,16,24,62500.0,17,14.280999588910786,272.0,dense_urban
16_25,16,25,62500.0,4,17.72613805664853,64.0,open_area
16_26,16,26,62500.0,7,15.406076913059318,112.0,normal_urban
16_27,16,27,62500.0,2,14.639473578389001,32.0,open_area
16_28,16,28,62500.0,4,11.792658507743889,64.0,open_area
16_29,16,29,62500.0,2,12.742871592838927,32.0,open_area
16_30,16,30,62500.0,3,17.532504721732455,48.0,open_area
16_31,16,31,62500.0,0,,0.0,open_area
16_32,16,32,62500.0,4,25.324999999999996,64.0,open_area
16_33,16,33,62500.0,5,28.4,80.0,normal_urban
16_34,16,34,62500.0,4,28.075782355524254,64.0,open_area
16_35,16,35,62500.0,0,,0.0,open_area
16_36,16,36,62500.0,3,82.61632393851896,48.0,open_area
16_37,16,37,62500.0,10,37.48933808387126,160.0,normal_urban
16_38,16,38,62500.0,6,19.897681129806756,96.0,normal_urban
16_39,16,39,62500.0,0,,0.0,open_area
16_40,16,40,62500.0,1,26.524697293572267,16.0,open_area
16_41,16,41,62500.0,0,,0.0,open_area
16_42,16,42,62500.0,0,,0.0,open_area
16_43,16,43,62500.0,0,,0.0,open_area
16_44,16,44,62500.0,0,,0.0,open_area
16_45,16,45,62500.0,0,,0.0,open_area
16_46,16,46,62500.0,0,,0.0,open_area
16_47,16,47,62500.0,0,,0.0,open_area
16_48,16,48,62500.0,0,,0.0,open_area
16_49,16,49,62500.0,0,,0.0,open_area
16_50,16,50,62500.0,0,,0.0,open_area
16_51,16,51,62500.0,1,21.092273898923285,16.0,open_area
16_52,16,52,62500.0,0,,0.0,open_area
16_53,16,53,62500.0,1,66.82522271371303,16.0,open_area
16_54,16,54,62500.0,0,,0.0,open_area
16_55,16,55,62500.0,2,90.13165741988301,32.0,open_area
16_56,16,56,62500.0,1,102.50261878232277,16.0,open_area
16_57,16,57,61738.077251112205,0,,0.0,open_area
16_58,16,58,37621.34512902933,0,,0.0,open_area
17_10,17,10,49739.79182535483,0,,0.0,open_area
17_11,17,11,62500.0,0,,0.0,open_area
17_12,17,12,62500.0,0,,0.0,open_area
17_13,17,13,62500.0,0,,0.0,open_area
17_14,17,14,62500.0,0,,0.0,open_area
17_15,17,15,62500.0,0,,0.0,open_area
17_16,17,16,62500.0,8,33.24068145509519,128.0,normal_urban
17_17,17,17,62500.0,20,18.976932912444305,320.0,dense_urban
17_18,17,18,62500.0,13,20.21711041268607,208.0,dense_urban
17_19,17,19,62500.0,7,26.296971361217466,112.0,normal_urban
17_20,17,20,62500.0,12,25.013658362216503,192.0,normal_urban
17_21,17,21,62500.0,2,23.579683105432203,32.0,open_area
17_22,17,22,62500.0,0,,0.0,open_area
17_23,17,23,62500.0,1,27.74065077602699,16.0,open_area
17_24,17,24,62500.0,0,,0.0,open_area
17_25,17,25,62500.0,0,,0.0,open_area
17_26,17,26,62500.0,0,,0.0,open_area
17_27,17,27,62500.0,0,,0.0,open_area
17_28,17,28,62500.0,1,11.3,16.0,open_area
17_29,17,29,62500.0,8,13.690172547105432,128.0,normal_urban
17_30,17,30,62500.0,0,,0.0,open_area
17_31,17,31,62500.0,3,21.275986495962297,48.0,open_area
17_32,17,32,62500.0,4,24.764824413896324,64.0,open_area
17_33,17,33,62500.0,6,32.31395495227918,96.0,normal_urban
17_34,17,34,62500.0,7,19.914231270327583,112.0,normal_urban
17_35,17,35,62500.0,0,,0.0,open_area
17_36,17,36,62500.0,3,48.26783967363414,48.0,open_area
17_37,17,37,62500.0,10,14.091003734104358,160.0,normal_urban
17_38,17,38,62500.0,10,14.371266303089683,160.0,normal_urban
17_39,17,39,62500.0,1,24.84561226284486,16.0,open_area
17_40,17,40,62500.0,0,,0.0,open_area
17_41,17,41,62500.0,0,,0.0,open_area
17_42,17,42,62500.0,0,,0.0,open_area
17_43,17,43,62500.0,0,,0.0,open_area
17_44,17,44,62500.0,0,,0.0,open_area
17_45,17,45,62500.0,0,,0.0,open_area
17_46,17,46,62500.0,0,,0.0,open_area
17_47,17,47,62500.0,0,,0.0,open_area
17_48,17,48,62500.0,0,,0.0,open_area
17_49,17,49,62500.0,0,,0.0,open_area
17_50,17,50,62500.0,0,,0.0,open_area
17_51,17,51,62500.0,1,18.654293722851207,16.0,open_area
17_52,17,52,62500.0,0,,0.0,open_area
17_53,17,53,62500.0,1,89.89104364977075,16.0,open_area
17_54,17,54,62500.0,5,89.29353991658559,80.0,normal_urban
17_55,17,55,62500.0,0,,0.0,open_area
17_56,17,56,41964.17329209481,1,93.2289592368328,23.82985107413946,open_area
17_57,17,57,7168.206899638287,0,,0.0,open_area
17_9,17,9,99.16841395659033,0,,0.0,open_area
18_0,18,0,34477.53148241276,0,,0.0,open_area
18_1,18,1,35691.08296916238,0,,0.0,open_area
18_10,18,10,62500.0,0,,0.0,open_area
18_11,18,11,62500.0,0,,0.0,open_area
18_12,18,12,62500.0,0,,0.0,open_area
18_13,18,13,62500.0,0,,0.0,open_area
18_14,18,14,62500.0,0,,0.0,open_area
18_15,18,15,62500.0,0,,0.0,open_area
18_16,18,16,62500.0,4,60.6,64.0,open_area
18_17,18,17,62500.0,11,12.68041866010608,176.0,normal_urban
18_18,18,18,62500.0,0,,0.0,open_area
18_19,18,19,62500.0,1,12.055565045906137,16.0,open_area
18_2,18,2,36746.36564431421,0,,0.0,open_area
18_20,18,20,62500.0,6,15.91392474938157,96.0,normal_urban
18_21,18,21,62500.0,0,,0.0,open_area
18_22,18,22,62500.0,0,,0.0,open_area
18_23,18,23,62500.0,3,28.240409242528347,48.0,open_area
18_24,18,24,62500.0,0,,0.0,open_area
18_25,18,25,62500.0,0,,0.0,open_area
18_26,18,26,62500.0,1,32.827484304450046,16.0,open_area
18_27,18,27,62500.0,8,16.613491073134814,128.0,normal_urban
18_28,18,28,62500.0,5,21.665789856338687,80.0,normal_urban
18_29,18,29,62500.0,4,17.99844165453779,64.0,open_area
18_3,18,3,37801.64831946604,0,,0.0,open_area
18_30,18,30,62500.0,3,17.290881742009976,48.0,open_area
18_31,18,31,62500.0,3,19.675288771890255,48.0,open_area
18_32,18,32,62500.0,2,12.7,32.0,open_area
18_33,18,33,62500.0,1,22.02956813514514,16.0,open_area
18_34,18,34,62500.0,0,,0.0,open_area
18_35,18,35,62500.0,6,15.360772913587857,96.0,normal_urban
18_36,18,36,62500.0,6,63.05884303335628,96.0,normal_urban
18_37,18,37,62500.0,13,17.20455984421699,208.0,dense_urban
18_38,18,38,62500.0,4,13.975898378382851,64.0,open_area
18_39,18,39,62500.0,3,27.383253456612845,48.0,open_area
18_4,18,4,38856.93099461787,0,,0.0,open_area
18_40,18,40,62500.0,2,28.45,32.0,open_area
18_41,18,41,62500.0,0,,0.0,open_area
18_42,18,42,62500.0,0,,0.0,open_area
18_43,18,43,62500.0,0,,0.0,open_area
18_44,18,44,62500.0,0,,0.0,open_area
18_45,18,45,62500.0,0,,0.0,open_area
18_46,18,46,62500.0,0,,0.0,open_area
18_47,18,47,62500.0,0,,0.0,open_area
18_48,18,48,62500.0,0,,0.0,open_area
18_49,18,49,62500.0,0,,0.0,open_area
18_5,18,5,39912.21366978425,0,,0.0,open_area
18_50,18,50,62500.0,0,,0.0,open_area
18_51,18,51,62500.0,0,,0.0,open_area
18_52,18,52,62500.0,0,,0.0,open_area
18_53,18,53,62500.0,5,89.04682518851321,80.0,normal_urban
18_54,18,54,62500.0,7,88.69997383838151,112.0,normal_urban
18_55,18,55,62500.0,1,83.05203842331188,16.0,open_area
18_56,18,56,28116.636241495144,3,89.88937228652544,106.69839643095482,normal_urban
18_6,18,6,40967.49634493608,0,,0.0,open_area
18_7,18,7,42022.77902008791,0,,0.0,open_area
18_8,18,8,43078.06169525429,0,,0.0,open_area
18_9,18,9,46079.70300020327,0,,0.0,open_area
19_0,19,0,61388.55338358553,0,,0.0,open_area
19_1,19,1,62500.0,0,,0.0,open_area
19_10,19,10,62500.0,0,,0.0,open_area
19_11,19,11,62500.0,0,,0.0,open_area
19_12,19,12,62500.0,0,,0.0,open_area
19_13,19,13,62500.0,0,,0.0,open_area
19_14,19,14,62500.0,0,,0.0,open_area
19_15,19,15,62500.0,1,52.737001461692415,16.0,open_area
19_16,19,16,62500.0,0,,0.0,open_area
19_17,19,17,62500.0,4,14.931892582624828,64.0,open_area
19_18,19,18,62500.0,0,,0.0,open_area
19_19,19,19,62500.0,0,,0.0,open_area
19_2,19,2,62500.0,0,,0.0,open_area
19_20,19,20,62500.0,0,,0.0,open_area
19_21,19,21,62500.0,3,21.658657739205,48.0,open_area
19_22,19,22,62500.0,0,,0.0,open_area
19_23,19,23,62500.0,0,,0.0,open_area
19_24,19,24,62500.0,0,,0.0,open_area
19_25,19,25,62500.0,0,,0.0,open_area
19_26,19,26,62500.0,2,39.099999999999994,32.0,open_area
19_27,19,27,62500.0,3,29.3187358919394,48.0,open_area
19_28,19,28,62500.0,11,16.605059473597493,176.0,normal_urban
19_29,19,29,62500.0,2,12.98140587335141,32.0,open_area
19_3,19,3,62500.0,0,,0.0,open_area
19_30,19,30,62500.0,5,12.340304728325105,80.0,normal_urban
19_31,19,31,62500.0,3,13.557672278881052,48.0,open_area
19_32,19,32,62500.0,4,8.946389242404969,64.0,open_area
19_33,19,33,62500.0,4,10.816119343361258,64.0,open_area
19_34,19,34,62500.0,0,,0.0,open_area
19_35,19,35,62500.0,1,23.9,16.0,open_area
19_36,19,36,62500.0,3,52.91131887210535,48.0,open_area
19_37,19,37,62500.0,22,14.086956534466237,352.0,dense_urban
19_38,19,38,62500.0,2,14.692488351455768,32.0,open_area
19_39,19,39,62500.0,1,25.089992040187443,16.0,open_area
19_4,19,4,62500.0,0,,0.0,open_area
19_40,19,40,62500.0,0,,0.0,open_area
19_41,19,41,62500.0,1,28.932474065196896,16.0,open_area
19_42,19,42,62500.0,0,,0.0,open_area
19_43,19,43,62500.0,0,,0.0,open_area
19_44,19,44,62500.0,0,,0.0,open_area
19_45,19,45,62500.0,0,,0.0,open_area
19_46,19,46,62500.0,0,,0.0,open_area
19_47,19,47,62500.0,0,,0.0,open_area
19_48,19,48,62500.0,0,,0.0,open_area
19_49,19,49,62500.0,0,,0.0,open_area
19_5,19,5,62500.0,0,,0.0,open_area
19_50,19,50,62500.0,0,,0.0,open_area
19_51,19,51,62500.0,0,,0.0,open_area
19_52,19,52,62500.0,0,,0.0,open_area
19_53,19,53,62500.0,0,,0.0,open_area
19_54,19,54,62500.0,7,90.54490332108676,112.0,normal_urban
19_55,19,55,62500.0,2,83.51925322541649,32.0,open_area
19_56,19,56,29347.78974513756,4,86.88065262328159,136.29646507409413,normal_urban
19_6,19,6,62500.0,0,,0.0,open_area
19_7,19,7,62500.0,0,,0.0,open_area
19_8,19,8,62500.0,0,,0.0,open_area
19_9,19,9,62500.0,0,,0.0,open_area
1_41,1,41,5251.406269888834,0,,0.0,open_area
1_42,1,42,25430.662643477328,0,,0.0,open_area
1_43,1,43,56359.647951069404,0,,0.0,open_area
1_44,1,44,62500.0,0,,0.0,open_area
1_45,1,45,62500.0,2,11.390256671772079,32.0,open_area
1_46,1,46,62500.0,33,30.980153741900104,528.0,dense_urban
1_47,1,47,62500.0,59,21.935818164062702,944.0,dense_urban
1_48,1,48,62500.0,73,25.19684581912912,1168.0,dense_urban
1_49,1,49,62500.0,83,20.854671498220704,1328.0,dense_urban
1_50,1,50,49267.266775282886,6,46.23004281774675,121.78471412605676,normal_urban
1_51,1,51,10514.479663767663,0,,0.0,open_area
1_59,1,59,4455.470591539174,1,7.7,224.44318270195177,dense_urban
20_0,20,0,60325.71112125879,0,,0.0,open_area
20_1,20,1,62500.0,0,,0.0,open_area
20_10,20,10,62500.0,0,,0.0,open_area
20_11,20,11,62500.0,0,,0.0,open_area
20_12,20,12,62500.0,0,,0.0,open_area
20_13,20,13,62500.0,0,,0.0,open_area
20_14,20,14,62500.0,0,,0.0,open_area
20_15,20,15,62500.0,0,,0.0,open_area
20_16,20,16,62500.0,0,,0.0,open_area
20_17,20,17,62500.0,0,,0.0,open_area
20_18,20,18,62500.0,0,,0.0,open_area
20_19,20,19,62500.0,0,,0.0,open_area
20_2,20,2,62500.0,0,,0.0,open_area
20_20,20,20,62500.0,0,,0.0,open_area
20_21,20,21,62500.0,6,23.615140511482767,96.0,normal_urban
20_22,20,22,62500.0,7,25.16187622024105,112.0,normal_urban
20_23,20,23,62500.0,2,26.97826964511284,32.0,open_area
20_24,20,24,62500.0,0,,0.0,open_area
20_25,20,25,62500.0,7,35.221860694301306,112.0,normal_urban
20_26,20,26,62500.0,15,35.05773476729532,240.0,dense_urban
20_27,20,27,62500.0,2,29.469701492870872,32.0,open_area
20_28,20,28,62500.0,0,,0.0,open_area
20_29,20,29,62500.0,4,9.967574925797763,64.0,open_area
20_3,20,3,62500.0,0,,0.0,open_area
20_30,20,30,62500.0,3,11.867467328931108,48.0,open_area
20_31,20,31,62500.0,1,17.8,16.0,open_area
20_32,20,32,62500.0,2,11.668723529198644,32.0,open_area
20_33,20,33,62500.0,4,13.138256637668105,64.0,open_area
20_34,20,34,62500.0,0,,0.0,open_area
20_35,20,35,62500.0,3,50.50466349892711,48.0,open_area
20_36,20,36,62500.0,0,,0.0,open_area
20_37,20,37,62500.0,4,14.559837975706134,64.0,open_area
20_38,20,38,62500.0,9,10.301701681541168,144.0,normal_urban
20_39,20,39,62500.0,0,,0.0,open_area
20_4,20,4,62500.0,0,,0.0,open_area
20_40,20,40,62500.0,0,,0.0,open_area
20_41,20,41,62500.0,0,,0.0,open_area
20_42,20,42,62500.0,0,,0.0,open_area
20_43,20,43,62500.0,0,,0.0,open_area
20_44,20,44,62500.0,0,,0.0,open_area
20_45,20,45,62500.0,0,,0.0,open_area
20_46,20,46,62500.0,0,,0.0,open_area
20_47,20,47,62500.0,0,,0.0,open_area
20_48,20,48,62500.0,0,,0.0,open_area
20_49,20,49,62500.0,0,,0.0,open_area
20_5,20,5,62500.0,0,,0.0,open_area
20_50,20,50,62500.0,0,,0.0,open_area
20_51,20,51,62500.0,0,,0.0,open_area
20_52,20,52,62500.0,0,,0.0,open_area
20_53,20,53,62500.0,0,,0.0,open_area
20_54,20,54,62500.0,2,84.68057020475555,32.0,open_area
20_55,20,55,62500.0,1,83.30365802842947,16.0,open_area
20_56,20,56,30578.943248838186,10,91.48204715018099,327.0224192714684,dense_urban
20_6,20,6,62500.0,0,,0.0,open_area
20_7,20,7,62500.0,0,,0.0,open_area
20_8,20,8,62500.0,0,,0.0,open_area
20_9,20,9,62500.0,0,,0.0,open_area
21_0,21,0,59262.86885893205,0,,0.0,open_area
21_1,21,1,62500.0,0,,0.0,open_area
21_10,21,10,62500.0,0,,0.0,open_area
21_11,21,11,62500.0,0,,0.0,open_area
21_12,21,12,62500.0,0,,0.0,open_area
21_13,21,13,62500.0,0,,0.0,open_area
21_14,21,14,62500.0,0,,0.0,open_area
21_15,21,15,62500.0,0,,0.0,open_area
21_16,21,16,62500.0,0,,0.0,open_area
21_17,21,17,62500.0,0,,0.0,open_area
21_18,21,18,62500.0,0,,0.0,open_area
21_19,21,19,62500.0,0,,0.0,open_area
21_2,21,2,62500.0,0,,0.0,open_area
21_20,21,20,62500.0,0,,0.0,open_area
21_21,21,21,62500.0,1,24.81345250710569,16.0,open_area
21_22,21,22,62500.0,1,27.392627352874435,16.0,open_area
21_23,21,23,62500.0,2,36.33217437714342,32.0,open_area
21_24,21,24,62500.0,9,27.986506592485544,144.0,normal_urban
21_25,21,25,62500.0,13,25.89352007796617,208.0,dense_urban
21_26,21,26,62500.0,13,28.623939959367757,208.0,dense_urban
21_27,21,27,62500.0,20,29.136238265629437,320.0,dense_urban
21_28,21,28,62500.0,7,21.245245160150272,112.0,normal_urban
21_29,21,29,62500.0,0,,0.0,open_area
21_3,21,3,62500.0,0,,0.0,open_area
21_30,21,30,62500.0,0,,0.0,open_area
21_31,21,31,62500.0,0,,0.0,open_area
21_32,21,32,62500.0,2,11.588116764144244,32.0,open_area
21_33,21,33,62500.0,1,12.06896103936691,16.0,open_area
21_34,21,34,62500.0,0,,0.0,open_area
21_35,21,35,62500.0,0,,0.0,open_area
21_36,21,36,62500.0,0,,0.0,open_area
21_37,21,37,62500.0,0,,0.0,open_area
21_38,21,38,62500.0,0,,0.0,open_area
21_39,21,39,62500.0,0,,0.0,open_area
21_4,21,4,62500.0,0,,0.0,open_area
21_40,21,40,62500.0,0,,0.0,open_area
21_41,21,41,62500.0,0,,0.0,open_area
21_42,21,42,62500.0,0,,0.0,open_area
21_43,21,43,62500.0,0,,0.0,open_area
21_44,21,44,62500.0,0,,0.0,open_area
21_45,21,45,62500.0,0,,0.0,open_area
21_46,21,46,62500.0,0,,0.0,open_area
21_47,21,47,62500.0,0,,0.0,open_area
21_48,21,48,62500.0,0,,0.0,open_area
21_49,21,49,62500.0,0,,0.0,open_area
21_5,21,5,62500.0,0,,0.0,open_area
21_50,21,50,62500.0,0,,0.0,open_area
21_51,21,51,62500.0,0,,0.0,open_area
21_52,21,52,62500.0,0,,0.0,open_area
21_53,21,53,62500.0,0,,0.0,open_area
21_54,21,54,62500.0,1,90.83542638564906,16.0,open_area
21_55,21,55,62500.0,1,89.48669760465368,16.0,open_area
21_56,21,56,31810.107529196062,1,91.73612392480418,31.43654887309565,open_area
21_6,21,6,62500.0,0,,0.0,open_area
21_7,21,7,62500.0,0,,0.0,open_area
21_8,21,8,62500.0,0,,0.0,open_area
21_9,21,9,62500.0,0,,0.0,open_area
22_0,22,0,58200.02659660531,0,,0.0,open_area
22_1,22,1,62500.0,0,,0.0,open_area
22_10,22,10,62500.0,0,,0.0,open_area
22_11,22,11,62500.0,0,,0.0,open_area
22_12,22,12,62500.0,0,,0.0,open_area
22_13,22,13,62500.0,0,,0.0,open_area
22_14,22,14,62500.0,0,,0.0,open_area
22_15,22,15,62500.0,0,,0.0,open_area
22_16,22,16,62500.0,0,,0.0,open_area
22_17,22,17,62500.0,0,,0.0,open_area
22_18,22,18,62500.0,0,,0.0,open_area
22_19,22,19,62500.0,0,,0.0,open_area
22_2,22,2,62500.0,0,,0.0,open_area
22_20,22,20,62500.0,0,,0.0,open_area
22_21,22,21,62500.0,0,,0.0,open_area
22_22,22,22,62500.0,0,,0.0,open_area
22_23,22,23,62500.0,6,27.95588635509769,96.0,normal_urban
22_24,22,24,62500.0,59,21.44659257466141,944.0,dense_urban
22_25,22,25,62500.0,22,16.20239147220191,352.0,dense_urban
22_26,22,26,62500.0,0,,0.0,open_area
22_27,22,27,62500.0,1,24.68450164329909,16.0,open_area
22_28,22,28,62500.0,17,12.6613682145371,272.0,dense_urban
22_29,22,29,62500.0,4,12.52287748934015,64.0,open_area
22_3,22,3,62500.0,0,,0.0,open_area
22_30,22,30,62500.0,0,,0.0,open_area
22_31,22,31,62500.0,0,,0.0,open_area
22_32,22,32,62500.0,0,,0.0,open_area
22_33,22,33,62500.0,0,,0.0,open_area
22_34,22,34,62500.0,0,,0.0,open_area
22_35,22,35,62500.0,0,,0.0,open_area
22_36,22,36,62500.0,0,,0.0,open_area
22_37,22,37,62500.0,0,,0.0,open_area
22_38,22,38,62500.0,0,,0.0,open_area
22_39,22,39,62500.0,1,23.35521381497173,16.0,open_area
22_4,22,4,62500.0,0,,0.0,open_area
22_40,22,40,62500.0,0,,0.0,open_area
22_41,22,41,62500.0,0,,0.0,open_area
22_42,22,42,62500.0,0,,0.0,open_area
22_43,22,43,62500.0,0,,0.0,open_area
22_44,22,44,62500.0,0,,0.0,open_area
22_45,22,45,62500.0,0,,0.0,open_area
22_46,22,46,62500.0,0,,0.0,open_area
22_47,22,47,62500.0,0,,0.0,open_area
22_48,22,48,62500.0,0,,0.0,open_area
22_49,22,49,62500.0,0,,0.0,open_area
22_5,22,5,62500.0,0,,0.0,open_area
22_50,22,50,62500.0,0,,0.0,open_area
22_51,22,51,62500.0,0,,0.0,open_area
22_52,22,52,62500.0,0,,0.0,open_area
22_53,22,53,62500.0,0,,0.0,open_area
22_54,22,54,62500.0,0,,0.0,open_area
22_55,22,55,62500.0,0,,0.0,open_area
22_56,22,56,33041.387819626834,0,,0.0,open_area
22_6,22,6,62500.0,0,,0.0,open_area
22_7,22,7,62500.0,0,,0.0,open_area
22_8,22,8,62500.0,0,,0.0,open_area
22_9,22,9,62500.0,0,,0.0,open_area
23_0,23,0,57137.18433427857,0,,0.0,open_area
23_1,23,1,62500.0,0,,0.0,open_area
23_10,23,10,62500.0,0,,0.0,open_area
23_11,23,11,62500.0,0,,0.0,open_area
23_12,23,12,62500.0,0,,0.0,open_area
23_13,23,13,62500.0,0,,0.0,open_area
23_14,23,14,62500.0,0,,0.0,open_area
23_15,23,15,62500.0,0,,0.0,open_area
23_16,23,16,62500.0,0,,0.0,open_area
23_17,23,17,62500.0,0,,0.0,open_area
23_18,23,18,62500.0,0,,0.0,open_area
23_19,23,19,62500.0,0,,0.0,open_area
23_2,23,2,62500.0,0,,0.0,open_area
23_20,23,20,62500.0,0,,0.0,open_area
23_21,23,21,62500.0,0,,0.0,open_area
23_22,23,22,62500.0,0,,0.0,open_area
23_23,23,23,62500.0,2,24.281993050203745,32.0,open_area
23_24,23,24,62500.0,3,16.312427060889604,48.0,open_area
23_25,23,25,62500.0,9,11.356968547151906,144.0,normal_urban
23_26,23,26,62500.0,0,,0.0,open_area
23_27,23,27,62500.0,0,,0.0,open_area
23_28,23,28,62500.0,0,,0.0,open_area
23_29,23,29,62500.0,0,,0.0,open_area
23_3,23,3,62500.0,0,,0.0,open_area
23_30,23,30,62500.0,0,,0.0,open_area
23_31,23,31,62500.0,0,,0.0,open_area
23_32,23,32,62500.0,0,,0.0,open_area
23_33,23,33,62500.0,0,,0.0,open_area
23_34,23,34,62500.0,0,,0.0,open_area
23_35,23,35,62500.0,0,,0.0,open_area
23_36,23,36,62500.0,0,,0.0,open_area
23_37,23,37,62500.0,0,,0.0,open_area
23_38,23,38,62500.0,0,,0.0,open_area
23_39,23,39,62500.0,0,,0.0,open_area
23_4,23,4,62500.0,0,,0.0,open_area
23_40,23,40,62500.0,0,,0.0,open_area
23_41,23,41,62500.0,0,,0.0,open_area
23_42,23,42,62500.0,0,,0.0,open_area
23_43,23,43,62500.0,0,,0.0,open_area
23_44,23,44,62500.0,0,,0.0,open_area
23_45,23,45,62500.0,0,,0.0,open_area
23_46,23,46,62500.0,0,,0.0,open_area
23_47,23,47,62500.0,0,,0.0,open_area
23_48,23,48,62500.0,0,,0.0,open_area
23_49,23,49,62500.0,0,,0.0,open_area
23_5,23,5,62500.0,0,,0.0,open_area
23_50,23,50,62500.0,0,,0.0,open_area
23_51,23,51,62500.0,0,,0.0,open_area
23_52,23,52,62500.0,0,,0.0,open_area
23_53,23,53,62500.0,0,,0.0,open_area
23_54,23,54,62500.0,0,,0.0,open_area
23_55,23,55,62500.0,0,,0.0,open_area
23_56,23,56,34272.699626220856,0,,0.0,open_area
23_6,23,6,62500.0,0,,0.0,open_area
23_7,23,7,62500.0,0,,0.0,open_area
23_8,23,8,62500.0,0,,0.0,open_area
23_9,23,9,62500.0,0,,0.0,open_area
24_0,24,0,56074.34207195183,0,,0.0,open_area
24_1,24,1,62500.0,0,,0.0,open_area
24_10,24,10,62500.0,0,,0.0,open_area
24_11,24,11,62500.0,0,,0.0,open_area
24_12,24,12,62500.0,0,,0.0,open_area
24_13,24,13,62500.0,0,,0.0,open_area
24_14,24,14,62500.0,0,,0.0,open_area
24_15,24,15,62500.0,0,,0.0,open_area
24_16,24,16,62500.0,0,,0.0,open_area
24_17,24,17,62500.0,0,,0.0,open_area
24_18,24,18,62500.0,0,,0.0,open_area
24_19,24,19,62500.0,0,,0.0,open_area
24_2,24,2,62500.0,0,,0.0,open_area
24_20,24,20,62500.0,0,,0.0,open_area
24_21,24,21,62500.0,0,,0.0,open_area
24_22,24,22,62500.0,0,,0.0,open_area
24_23,24,23,62500.0,0,,0.0,open_area
24_24,24,24,62500.0,10,28.584774209454526,160.0,normal_urban
24_25,24,25,62500.0,15,21.97018881621435,240.0,dense_urban
24_26,24,26,62500.0,0,,0.0,open_area
24_27,24,27,62500.0,0,,0.0,open_area
24_28,24,28,62500.0,0,,0.0,open_area
24_29,24,29,62500.0,0,,0.0,open_area
24_3,24,3,62500.0,0,,0.0,open_area
24_30,24,30,62500.0,0,,0.0,open_area
24_31,24,31,62500.0,0,,0.0,open_area
24_32,24,32,62500.0,0,,0.0,open_area
24_33,24,33,62500.0,0,,0.0,open_area
24_34,24,34,62500.0,0,,0.0,open_area
24_35,24,35,62500.0,0,,0.0,open_area
24_36,24,36,62500.0,0,,0.0,open_area
24_37,24,37,62500.0,0,,0.0,open_area
24_38,24,38,62500.0,0,,0.0,open_area
24_39,24,39,62500.0,2,18.60088997489285,32.0,open_area
24_4,24,4,62500.0,0,,0.0,open_area
24_40,24,40,62500.0,0,,0.0,open_area
24_41,24,41,62500.0,0,,0.0,open_area
24_42,24,42,62500.0,0,,0.0,open_area
24_43,24,43,62500.0,0,,0.0,open_area
24_44,24,44,62500.0,0,,0.0,open_area
24_45,24,45,62500.0,0,,0.0,open_area
24_46,24,46,62500.0,0,,0.0,open_area
24_47,24,47,62500.0,0,,0.0,open_area
24_48,24,48,62500.0,0,,0.0,open_area
24_49,24,49,62500.0,0,,0.0,open_area
24_5,24,5,62500.0,0,,0.0,open_area
24_50,24,50,62500.0,0,,0.0,open_area
24_51,24,51,62500.0,0,,0.0,open_area
24_52,24,52,62500.0,0,,0.0,open_area
24_53,24,53,62500.0,0,,0.0,open_area
24_54,24,54,62500.0,0,,0.0,open_area
24_55,24,55,62500.0,0,,0.0,open_area
24_56,24,56,35504.01143281488,0,,0.0,open_area
24_6,24,6,62500.0,0,,0.0,open_area
24_7,24,7,62500.0,0,,0.0,open_area
24_8,24,8,62500.0,0,,0.0,open_area
24_9,24,9,62500.0,0,,0.0,open_area
25_0,25,0,55011.49980962509,0,,0.0,open_area
25_1,25,1,62500.0,0,,0.0,open_area
25_10,25,10,62500.0,0,,0.0,open_area
25_11,25,11,62500.0,0,,0.0,open_area
25_12,25,12,62500.0,0,,0.0,open_area
25_13,25,13,62500.0,0,,0.0,open_area
25_14,25,14,62500.0,0,,0.0,open_area
25_15,25,15,62500.0,0,,0.0,open_area
25_16,25,16,62500.0,0,,0.0,open_area
25_17,25,17,62500.0,0,,0.0,open_area
25_18,25,18,62500.0,0,,0.0,open_area
25_19,25,19,62500.0,0,,0.0,open_area
25_2,25,2,62500.0,0,,0.0,open_area
25_20,25,20,62500.0,0,,0.0,open_area
25_21,25,21,62500.0,0,,0.0,open_area
25_22,25,22,62500.0,0,,0.0,open_area
25_23,25,23,62500.0,1,43.8,16.0,open_area
25_24,25,24,62500.0,18,23.699607908526612,288.0,dense_urban
25_25,25,25,62500.0,7,10.266110407498491,112.0,normal_urban
25_26,25,26,62500.0,0,,0.0,open_area
25_27,25,27,62500.0,0,,0.0,open_area
25_28,25,28,62500.0,0,,0.0,open_area
25_29,25,29,62500.0,0,,0.0,open_area
25_3,25,3,62500.0,0,,0.0,open_area
25_30,25,30,62500.0,2,12.465829403225554,32.0,open_area
25_31,25,31,62500.0,2,13.64032297169247,32.0,open_area
25_32,25,32,62500.0,0,,0.0,open_area
25_33,25,33,62500.0,0,,0.0,open_area
25_34,25,34,62500.0,0,,0.0,open_area
25_35,25,35,62500.0,0,,0.0,open_area
25_36,25,36,62500.0,0,,0.0,open_area
25_37,25,37,62500.0,0,,0.0,open_area
25_38,25,38,62500.0,0,,0.0,open_area
25_39,25,39,62500.0,0,,0.0,open_area
25_4,25,4,62500.0,0,,0.0,open_area
25_40,25,40,62500.0,0,,0.0,open_area
25_41,25,41,62500.0,0,,0.0,open_area
25_42,25,42,62500.0,0,,0.0,open_area
25_43,25,43,62500.0,0,,0.0,open_area
25_44,25,44,62500.0,0,,0.0,open_area
25_45,25,45,62500.0,0,,0.0,open_area
25_46,25,46,62500.0,0,,0.0,open_area
25_47,25,47,62500.0,0,,0.0,open_area
25_48,25,48,62500.0,0,,0.0,open_area
25_49,25,49,62500.0,0,,0.0,open_area
25_5,25,5,62500.0,0,,0.0,open_area
25_50,25,50,62500.0,0,,0.0,open_area
25_51,25,51,62500.0,0,,0.0,open_area
25_52,25,52,62500.0,0,,0.0,open_area
25_53,25,53,62500.0,0,,0.0,open_area
25_54,25,54,62500.0,0,,0.0,open_area
25_55,25,55,62500.0,0,,0.0,open_area
25_56,25,56,36735.3232394089,0,,0.0,open_area
25_6,25,6,62500.0,0,,0.0,open_area
25_7,25,7,62500.0,0,,0.0,open_area
25_8,25,8,62500.0,0,,0.0,open_area
25_9,25,9,62500.0,0,,0.0,open_area
26_0,26,0,53948.65754729835,0,,0.0,open_area
26_1,26,1,62500.0,0,,0.0,open_area
26_10,26,10,62500.0,0,,0.0,open_area
26_11,26,11,62500.0,0,,0.0,open_area
26_12,26,12,62500.0,0,,0.0,open_area
26_13,26,13,62500.0,0,,0.0,open_area
26_14,26,14,62500.0,0,,0.0,open_area
26_15,26,15,62500.0,0,,0.0,open_area
26_16,26,16,62500.0,0,,0.0,open_area
26_17,26,17,62500.0,0,,0.0,open_area
26_18,26,18,62500.0,0,,0.0,open_area
26_19,26,19,62500.0,0,,0.0,open_area
26_2,26,2,62500.0,0,,0.0,open_area
26_20,26,20,62500.0,0,,0.0,open_area
26_21,26,21,62500.0,0,,0.0,open_area
26_22,26,22,62500.0,0,,0.0,open_area
26_23,26,23,62500.0,1,24.436913836410746,16.0,open_area
26_24,26,24,62500.0,15,21.90635610593766,240.0,dense_urban
26_25,26,25,62500.0,6,12.776924248248266,96.0,normal_urban
26_26,26,26,62500.0,0,,0.0,open_area
26_27,26,27,62500.0,0,,0.0,open_area
26_28,26,28,62500.0,0,,0.0,open_area
26_29,26,29,62500.0,0,,0.0,open_area
26_3,26,3,62500.0,0,,0.0,open_area
26_30,26,30,62500.0,0,,0.0,open_area
26_31,26,31,62500.0,0,,0.0,open_area
26_32,26,32,62500.0,0,,0.0,open_area
26_33,26,33,62500.0,0,,0.0,open_area
26_34,26,34,62500.0,0,,0.0,open_area
26_35,26,35,62500.0,0,,0.0,open_area
26_36,26,36,62500.0,0,,0.0,open_area
26_37,26,37,62500.0,0,,0.0,open_area
26_38,26,38,62500.0,0,,0.0,open_area
26_39,26,39,62500.0,0,,0.0,open_area
26_4,26,4,62500.0,0,,0.0,open_area
26_40,26,40,62500.0,0,,0.0,open_area
26_41,26,41,62500.0,0,,0.0,open_area
26_42,26,42,62500.0,0,,0.0,open_area
26_43,26,43,62500.0,0,,0.0,open_area
26_44,26,44,62500.0,0,,0.0,open_area
26_45,26,45,62500.0,0,,0.0,open_area
26_46,26,46,62500.0,0,,0.0,open_area
26_47,26,47,62500.0,0,,0.0,open_area
26_48,26,48,62500.0,0,,0.0,open_area
26_49,26,49,62500.0,0,,0.0,open_area
26_5,26,5,62500.0,0,,0.0,open_area
26_50,26,50,62500.0,0,,0.0,open_area
26_51,26,51,62500.0,0,,0.0,open_area
26_52,26,52,62500.0,0,,0.0,open_area
26_53,26,53,62500.0,0,,0.0,open_area
26_54,26,54,62500.0,0,,0.0,open_area
26_55,26,55,62500.0,0,,0.0,open_area
26_56,26,56,37966.63504594471,0,,0.0,open_area
26_6,26,6,62500.0,0,,0.0,open_area
26_7,26,7,62500.0,0,,0.0,open_area
26_8,26,8,62500.0,0,,0.0,open_area
26_9,26,9,62500.0,0,,0.0,open_area
27_0,27,0,52885.81528497161,0,,0.0,open_area
27_1,27,1,62500.0,0,,0.0,open_area
27_10,27,10,62500.0,0,,0.0,open_area
27_11,27,11,62500.0,0,,0.0,open_area
27_12,27,12,62500.0,0,,0.0,open_area
27_13,27,13,62500.0,0,,0.0,open_area
27_14,27,14,62500.0,0,,0.0,open_area
27_15,27,15,62500.0,0,,0.0,open_area
27_16,27,16,62500.0,0,,0.0,open_area
27_17,27,17,62500.0,0,,0.0,open_area
27_18,27,18,62500.0,0,,0.0,open_area
27_19,27,19,62500.0,0,,0.0,open_area
27_2,27,2,62500.0,0,,0.0,open_area
27_20,27,20,62500.0,0,,0.0,open_area
27_21,27,21,62500.0,0,,0.0,open_area
27_22,27,22,62500.0,0,,0.0,open_area
27_23,27,23,62500.0,0,,0.0,open_area
27_24,27,24,62500.0,0,,0.0,open_area
27_25,27,25,62500.0,0,,0.0,open_area
27_26,27,26,62500.0,0,,0.0,open_area
27_27,27,27,62500.0,0,,0.0,open_area
27_28,27,28,62500.0,0,,0.0,open_area
27_29,27,29,62500.0,0,,0.0,open_area
27_3,27,3,62500.0,0,,0.0,open_area
27_30,27,30,62500.0,0,,0.0,open_area
27_31,27,31,62500.0,0,,0.0,open_area
27_32,27,32,62500.0,0,,0.0,open_area
27_33,27,33,62500.0,0,,0.0,open_area
27_34,27,34,62500.0,0,,0.0,open_area
27_35,27,35,62500.0,0,,0.0,open_area
27_36,27,36,62500.0,0,,0.0,open_area
27_37,27,37,62500.0,0,,0.0,open_area
27_38,27,38,62500.0,0,,0.0,open_area
27_39,27,39,62500.0,0,,0.0,open_area
27_4,27,4,62500.0,0,,0.0,open_area
27_40,27,40,62500.0,0,,0.0,open_area
27_41,27,41,62500.0,0,,0.0,open_area
27_42,27,42,62500.0,0,,0.0,open_area
27_43,27,43,62500.0,0,,0.0,open_area
27_44,27,44,62500.0,0,,0.0,open_area
27_45,27,45,62500.0,0,,0.0,open_area
27_46,27,46,62500.0,0,,0.0,open_area
27_47,27,47,62500.0,0,,0.0,open_area
27_48,27,48,62500.0,0,,0.0,open_area
27_49,27,49,62500.0,0,,0.0,open_area
27_5,27,5,62500.0,0,,0.0,open_area
27_50,27,50,62500.0,0,,0.0,open_area
27_51,27,51,62500.0,0,,0.0,open_area
27_52,27,52,62500.0,0,,0.0,open_area
27_53,27,53,62500.0,0,,0.0,open_area
27_54,27,54,62500.0,0,,0.0,open_area
27_55,27,55,62500.0,0,,0.0,open_area
27_56,27,56,39197.94685248053,0,,0.0,open_area
27_6,27,6,62500.0,0,,0.0,open_area
27_7,27,7,62500.0,0,,0.0,open_area
27_8,27,8,62500.0,0,,0.0,open_area
27_9,27,9,62500.0,0,,0.0,open_area
28_0,28,0,51822.973022644874,0,,0.0,open_area
28_1,28,1,62500.0,0,,0.0,open_area
28_10,28,10,62500.0,0,,0.0,open_area
28_11,28,11,62500.0,0,,0.0,open_area
28_12,28,12,62500.0,0,,0.0,open_area
28_13,28,13,62500.0,0,,0.0,open_area
28_14,28,14,62500.0,0,,0.0,open_area
28_15,28,15,62500.0,0,,0.0,open_area
28_16,28,16,62500.0,0,,0.0,open_area
28_17,28,17,62500.0,0,,0.0,open_area
28_18,28,18,62500.0,0,,0.0,open_area
28_19,28,19,62500.0,0,,0.0,open_area
28_2,28,2,62500.0,0,,0.0,open_area
28_20,28,20,62500.0,0,,0.0,open_area
28_21,28,21,62500.0,0,,0.0,open_area
28_22,28,22,62500.0,0,,0.0,open_area
28_23,28,23,62500.0,0,,0.0,open_area
28_24,28,24,62500.0,0,,0.0,open_area
28_25,28,25,62500.0,1,11.796186547942517,16.0,open_area
28_26,28,26,62500.0,0,,0.0,open_area
28_27,28,27,62500.0,0,,0.0,open_area
28_28,28,28,62500.0,1,12.332105890815132,16.0,open_area
28_29,28,29,62500.0,0,,0.0,open_area
28_3,28,3,62500.0,0,,0.0,open_area
28_30,28,30,62500.0,0,,0.0,open_area
28_31,28,31,62500.0,0,,0.0,open_area
28_32,28,32,62500.0,0,,0.0,open_area
28_33,28,33,62500.0,0,,0.0,open_area
28_34,28,34,62500.0,0,,0.0,open_area
28_35,28,35,62500.0,0,,0.0,open_area
28_36,28,36,62500.0,0,,0.0,open_area
28_37,28,37,62500.0,0,,0.0,open_area
28_38,28,38,62500.0,0,,0.0,open_area
28_39,28,39,62500.0,0,,0.0,open_area
28_4,28,4,62500.0,0,,0.0,open_area
28_40,28,40,62500.0,0,,0.0,open_area
28_41,28,41,62500.0,0,,0.0,open_area
28_42,28,42,62500.0,0,,0.0,open_area
28_43,28,43,62500.0,0,,0.0,open_area
28_44,28,44,62500.0,0,,0.0,open_area
28_45,28,45,62500.0,0,,0.0,open_area
28_46,28,46,62500.0,0,,0.0,open_area
28_47,28,47,62500.0,0,,0.0,open_area
28_48,28,48,62500.0,0,,0.0,open_area
28_49,28,49,62500.0,0,,0.0,open_area
28_5,28,5,62500.0,0,,0.0,open_area
28_50,28,50,62500.0,0,,0.0,open_area
28_51,28,51,62500.0,0,,0.0,open_area
28_52,28,52,62500.0,0,,0.0,open_area
28_53,28,53,62500.0,0,,0.0,open_area
28_54,28,54,62500.0,0,,0.0,open_area
28_55,28,55,62500.0,0,,0.0,open_area
28_56,28,56,40429.25865907455,0,,0.0,open_area
28_6,28,6,62500.0,0,,0.0,open_area
28_7,28,7,62500.0,0,,0.0,open_area
28_8,28,8,62500.0,0,,0.0,open_area
28_9,28,9,62500.0,0,,0.0,open_area
29_0,29,0,50760.130760318134,0,,0.0,open_area
29_1,29,1,62500.0,0,,0.0,open_area
29_10,29,10,62500.0,0,,0.0,open_area
29_11,29,11,62500.0,0,,0.0,open_area
29_12,29,12,62500.0,0,,0.0,open_area
29_13,29,13,62500.0,0,,0.0,open_area
29_14,29,14,62500.0,0,,0.0,open_area
29_15,29,15,62500.0,0,,0.0,open_area
29_16,29,16,62500.0,0,,0.0,open_area
29_17,29,17,62500.0,0,,0.0,open_area
29_18,29,18,62500.0,0,,0.0,open_area
29_19,29,19,62500.0,0,,0.0,open_area
29_2,29,2,62500.0,0,,0.0,open_area
29_20,29,20,62500.0,0,,0.0,open_area
29_21,29,21,62500.0,0,,0.0,open_area
29_22,29,22,62500.0,0,,0.0,open_area
29_23,29,23,62500.0,0,,0.0,open_area
29_24,29,24,62500.0,0,,0.0,open_area
29_25,29,25,62500.0,0,,0.0,open_area
29_26,29,26,62500.0,1,11.890302158448325,16.0,open_area
29_27,29,27,62500.0,0,,0.0,open_area
29_28,29,28,62500.0,0,,0.0,open_area
29_29,29,29,62500.0,0,,0.0,open_area
29_3,29,3,62500.0,0,,0.0,open_area
29_30,29,30,62500.0,0,,0.0,open_area
29_31,29,31,62500.0,0,,0.0,open_area
29_32,29,32,62500.0,0,,0.0,open_area
29_33,29,33,62500.0,0,,0.0,open_area
29_34,29,34,62500.0,0,,0.0,open_area
29_35,29,35,62500.0,0,,0.0,open_area
29_36,29,36,62500.0,0,,0.0,open_area
29_37,29,37,62500.0,0,,0.0,open_area
29_38,29,38,62500.0,0,,0.0,open_area
29_39,29,39,62500.0,0,,0.0,open_area
29_4,29,4,62500.0,0,,0.0,open_area
29_40,29,40,62500.0,0,,0.0,open_area
29_41,29,41,62500.0,0,,0.0,open_area
29_42,29,42,62500.0,0,,0.0,open_area
29_43,29,43,62500.0,0,,0.0,open_area
29_44,29,44,62500.0,0,,0.0,open_area
29_45,29,45,62500.0,0,,0.0,open_area
29_46,29,46,62500.0,0,,0.0,open_area
29_47,29,47,62500.0,0,,0.0,open_area
29_48,29,48,62500.0,0,,0.0,open_area
29_49,29,49,62500.0,0,,0.0,open_area
29_5,29,5,62500.0,0,,0.0,open_area
29_50,29,50,62500.0,0,,0.0,open_area
29_51,29,51,62500.0,0,,0.0,open_area
29_52,29,52,62500.0,0,,0.0,open_area
29_53,29,53,62500.0,0,,0.0,open_area
29_54,29,54,62500.0,0,,0.0,open_area
29_55,29,55,62500.0,0,,0.0,open_area
29_56,29,56,41660.57046566857,0,,0.0,open_area
29_6,29,6,62500.0,0,,0.0,open_area
29_7,29,7,62500.0,0,,0.0,open_area
29_8,29,8,62500.0,0,,0.0,open_area
29_9,29,9,62500.0,0,,0.0,open_area
2_39,2,39,7128.494658338863,0,,0.0,open_area
2_40,2,40,35503.527932582074,0,,0.0,open_area
2_41,2,41,60041.998670326626,0,,0.0,open_area
2_42,2,42,62500.0,0,,0.0,open_area
2_43,2,43,62500.0,0,,0.0,open_area
2_44,2,44,62500.0,0,,0.0,open_area
2_45,2,45,62500.0,2,18.268495608123644,32.0,open_area
2_46,2,46,62500.0,11,20.81622319961345,176.0,normal_urban
2_47,2,47,62500.0,19,23.409517155678078,304.0,dense_urban
2_48,2,48,62500.0,56,40.860083122989764,896.0,dense_urban
2_49,2,49,62500.0,249,23.29366287858456,3983.9999999999995,dense_urban
2_50,2,50,62500.0,182,22.275517827905077,2912.0,dense_urban
2_51,2,51,60846.89074324662,53,19.17074493972963,871.0387556800913,dense_urban
2_52,2,52,45072.66545661507,2,17.0,44.37279179606342,open_area
2_53,2,53,31054.410250362707,0,,0.0,open_area
2_54,2,54,17036.486595708993,0,,0.0,open_area
2_55,2,55,6094.1665164179285,0,,0.0,open_area
2_56,2,56,8825.822303420362,1,6.0,113.30389006500387,normal_urban
2_57,2,57,22840.991298101184,1,17.3,43.780936954480254,open_area
2_58,2,58,47674.35620709332,9,35.357884384247235,188.78073488616752,normal_urban
2_59,2,59,61870.76660519791,14,23.44102068016063,226.27810787176873,dense_urban
2_60,2,60,17110.375834007373,4,11.6,233.77627930590998,dense_urban
30_0,30,0,49697.288497991394,0,,0.0,open_area
30_1,30,1,62500.0,0,,0.0,open_area
30_10,30,10,62500.0,0,,0.0,open_area
30_11,30,11,62500.0,0,,0.0,open_area
30_12,30,12,62500.0,0,,0.0,open_area
30_13,30,13,62500.0,0,,0.0,open_area
30_14,30,14,62500.0,0,,0.0,open_area
30_15,30,15,62500.0,0,,0.0,open_area
30_16,30,16,62500.0,0,,0.0,open_area
30_17,30,17,62500.0,0,,0.0,open_area
30_18,30,18,62500.0,0,,0.0,open_area
30_19,30,19,62500.0,0,,0.0,open_area
30_2,30,2,62500.0,0,,0.0,open_area
30_20,30,20,62500.0,0,,0.0,open_area
30_21,30,21,62500.0,0,,0.0,open_area
30_22,30,22,62500.0,0,,0.0,open_area
30_23,30,23,62500.0,0,,0.0,open_area
30_24,30,24,62500.0,0,,0.0,open_area
30_25,30,25,62500.0,0,,0.0,open_area
30_26,30,26,62500.0,0,,0.0,open_area
30_27,30,27,62500.0,0,,0.0,open_area
30_28,30,28,62500.0,0,,0.0,open_area
30_29,30,29,62500.0,0,,0.0,open_area
30_3,30,3,62500.0,0,,0.0,open_area
30_30,30,30,62500.0,0,,0.0,open_area
30_31,30,31,62500.0,0,,0.0,open_area
30_32,30,32,62500.0,0,,0.0,open_area
30_33,30,33,62500.0,0,,0.0,open_area
30_34,30,34,62500.0,0,,0.0,open_area
30_35,30,35,62500.0,0,,0.0,open_area
30_36,30,36,62500.0,0,,0.0,open_area
30_37,30,37,62500.0,0,,0.0,open_area
30_38,30,38,62500.0,0,,0.0,open_area
30_39,30,39,62500.0,0,,0.0,open_area
30_4,30,4,62500.0,0,,0.0,open_area
30_40,30,40,62500.0,0,,0.0,open_area
30_41,30,41,62500.0,0,,0.0,open_area
30_42,30,42,62500.0,0,,0.0,open_area
30_43,30,43,62500.0,0,,0.0,open_area
30_44,30,44,62500.0,0,,0.0,open_area
30_45,30,45,62500.0,0,,0.0,open_area
30_46,30,46,62500.0,0,,0.0,open_area
30_47,30,47,62500.0,0,,0.0,open_area
30_48,30,48,62500.0,0,,0.0,open_area
30_49,30,49,62500.0,0,,0.0,open_area
30_5,30,5,62500.0,0,,0.0,open_area
30_50,30,50,62500.0,0,,0.0,open_area
30_51,30,51,62500.0,0,,0.0,open_area
30_52,30,52,62500.0,0,,0.0,open_area
30_53,30,53,62500.0,0,,0.0,open_area
30_54,30,54,62500.0,0,,0.0,open_area
30_55,30,55,62500.0,0,,0.0,open_area
30_56,30,56,42891.88227226259,0,,0.0,open_area
30_6,30,6,62500.0,0,,0.0,open_area
30_7,30,7,62500.0,0,,0.0,open_area
30_8,30,8,62500.0,0,,0.0,open_area
30_9,30,9,62500.0,0,,0.0,open_area
31_0,31,0,48634.446235664655,0,,0.0,open_area
31_1,31,1,62500.0,0,,0.0,open_area
31_10,31,10,62500.0,0,,0.0,open_area
31_11,31,11,62500.0,0,,0.0,open_area
31_12,31,12,62500.0,0,,0.0,open_area
31_13,31,13,62500.0,0,,0.0,open_area
31_14,31,14,62500.0,0,,0.0,open_area
31_15,31,15,62500.0,0,,0.0,open_area
31_16,31,16,62500.0,0,,0.0,open_area
31_17,31,17,62500.0,0,,0.0,open_area
31_18,31,18,62500.0,0,,0.0,open_area
31_19,31,19,62500.0,0,,0.0,open_area
31_2,31,2,62500.0,0,,0.0,open_area
31_20,31,20,62500.0,0,,0.0,open_area
31_21,31,21,62500.0,0,,0.0,open_area
31_22,31,22,62500.0,0,,0.0,open_area
31_23,31,23,62500.0,0,,0.0,open_area
31_24,31,24,62500.0,0,,0.0,open_area
31_25,31,25,62500.0,0,,0.0,open_area
31_26,31,26,62500.0,0,,0.0,open_area
31_27,31,27,62500.0,0,,0.0,open_area
31_28,31,28,62500.0,0,,0.0,open_area
31_29,31,29,62500.0,0,,0.0,open_area
31_3,31,3,62500.0,0,,0.0,open_area
31_30,31,30,62500.0,0,,0.0,open_area
31_31,31,31,62500.0,0,,0.0,open_area
31_32,31,32,62500.0,0,,0.0,open_area
31_33,31,33,62500.0,0,,0.0,open_area
31_34,31,34,62500.0,0,,0.0,open_area
31_35,31,35,62500.0,0,,0.0,open_area
31_36,31,36,62500.0,0,,0.0,open_area
31_37,31,37,62500.0,0,,0.0,open_area
31_38,31,38,62500.0,0,,0.0,open_area
31_39,31,39,62500.0,0,,0.0,open_area
31_4,31,4,62500.0,0,,0.0,open_area
31_40,31,40,62500.0,0,,0.0,open_area
31_41,31,41,62500.0,0,,0.0,open_area
31_42,31,42,62500.0,0,,0.0,open_area
31_43,31,43,62500.0,0,,0.0,open_area
31_44,31,44,62500.0,0,,0.0,open_area
31_45,31,45,62500.0,0,,0.0,open_area
31_46,31,46,62500.0,0,,0.0,open_area
31_47,31,47,62500.0,0,,0.0,open_area
31_48,31,48,62500.0,0,,0.0,open_area
31_49,31,49,62500.0,0,,0.0,open_area
31_5,31,5,62500.0,0,,0.0,open_area
31_50,31,50,62500.0,0,,0.0,open_area
31_51,31,51,62500.0,0,,0.0,open_area
31_52,31,52,62500.0,0,,0.0,open_area
31_53,31,53,62500.0,0,,0.0,open_area
31_54,31,54,62500.0,0,,0.0,open_area
31_55,31,55,62500.0,0,,0.0,open_area
31_56,31,56,37629.526235020916,0,,0.0,open_area
31_6,31,6,62500.0,0,,0.0,open_area
31_7,31,7,62500.0,0,,0.0,open_area
31_8,31,8,62500.0,0,,0.0,open_area
31_9,31,9,62500.0,0,,0.0,open_area
32_0,32,0,47571.603973337915,0,,0.0,open_area
32_1,32,1,62500.0,0,,0.0,open_area
32_10,32,10,62500.0,0,,0.0,open_area
32_11,32,11,62500.0,0,,0.0,open_area
32_12,32,12,62500.0,0,,0.0,open_area
32_13,32,13,62500.0,0,,0.0,open_area
32_14,32,14,62500.0,0,,0.0,open_area
32_15,32,15,62500.0,0,,0.0,open_area
32_16,32,16,62500.0,0,,0.0,open_area
32_17,32,17,62500.0,0,,0.0,open_area
32_18,32,18,62500.0,0,,0.0,open_area
32_19,32,19,62500.0,0,,0.0,open_area
32_2,32,2,62500.0,0,,0.0,open_area
32_20,32,20,62500.0,0,,0.0,open_area
32_21,32,21,62500.0,0,,0.0,open_area
32_22,32,22,62500.0,0,,0.0,open_area
32_23,32,23,62500.0,0,,0.0,open_area
32_24,32,24,62500.0,0,,0.0,open_area
32_25,32,25,62500.0,0,,0.0,open_area
32_26,32,26,62500.0,0,,0.0,open_area
32_27,32,27,62500.0,0,,0.0,open_area
32_28,32,28,62500.0,0,,0.0,open_area
32_29,32,29,62500.0,0,,0.0,open_area
32_3,32,3,62500.0,0,,0.0,open_area
32_30,32,30,62500.0,0,,0.0,open_area
32_31,32,31,62500.0,0,,0.0,open_area
32_32,32,32,62500.0,0,,0.0,open_area
32_33,32,33,62500.0,0,,0.0,open_area
32_34,32,34,62500.0,0,,0.0,open_area
32_35,32,35,62500.0,0,,0.0,open_area
32_36,32,36,62500.0,0,,0.0,open_area
32_37,32,37,62500.0,0,,0.0,open_area
32_38,32,38,62500.0,0,,0.0,open_area
32_39,32,39,62500.0,0,,0.0,open_area
32_4,32,4,62500.0,0,,0.0,open_area
32_40,32,40,62500.0,0,,0.0,open_area
32_41,32,41,62500.0,0,,0.0,open_area
32_42,32,42,62500.0,0,,0.0,open_area
32_43,32,43,62500.0,0,,0.0,open_area
32_44,32,44,62500.0,0,,0.0,open_area
32_45,32,45,62500.0,0,,0.0,open_area
32_46,32,46,62500.0,0,,0.0,open_area
32_47,32,47,62500.0,0,,0.0,open_area
32_48,32,48,62500.0,0,,0.0,open_area
32_49,32,49,62500.0,0,,0.0,open_area
32_5,32,5,62500.0,0,,0.0,open_area
32_50,32,50,62500.0,0,,0.0,open_area
32_51,32,51,62500.0,0,,0.0,open_area
32_52,32,52,62500.0,0,,0.0,open_area
32_53,32,53,62500.0,0,,0.0,open_area
32_54,32,54,58350.24298010111,0,,0.0,open_area
32_55,32,55,24904.811597880325,0,,0.0,open_area
32_56,32,56,363.3798986700491,0,,0.0,open_area
32_6,32,6,62500.0,0,,0.0,open_area
32_7,32,7,62500.0,0,,0.0,open_area
32_8,32,8,62500.0,0,,0.0,open_area
32_9,32,9,62500.0,0,,0.0,open_area
33_0,33,0,46508.76171106938,0,,0.0,open_area
33_1,33,1,62500.0,0,,0.0,open_area
33_10,33,10,62500.0,0,,0.0,open_area
33_11,33,11,62500.0,0,,0.0,open_area
33_12,33,12,62500.0,0,,0.0,open_area
33_13,33,13,62500.0,0,,0.0,open_area
33_14,33,14,62500.0,0,,0.0,open_area
33_15,33,15,62500.0,0,,0.0,open_area
33_16,33,16,62500.0,0,,0.0,open_area
33_17,33,17,62500.0,0,,0.0,open_area
33_18,33,18,62500.0,0,,0.0,open_area
33_19,33,19,62500.0,0,,0.0,open_area
33_2,33,2,62500.0,0,,0.0,open_area
33_20,33,20,62500.0,0,,0.0,open_area
33_21,33,21,62500.0,0,,0.0,open_area
33_22,33,22,62500.0,0,,0.0,open_area
33_23,33,23,62500.0,0,,0.0,open_area
33_24,33,24,62500.0,0,,0.0,open_area
33_25,33,25,62500.0,0,,0.0,open_area
33_26,33,26,62500.0,0,,0.0,open_area
33_27,33,27,62500.0,0,,0.0,open_area
33_28,33,28,62500.0,0,,0.0,open_area
33_29,33,29,62500.0,0,,0.0,open_area
33_3,33,3,62500.0,0,,0.0,open_area
33_30,33,30,62500.0,0,,0.0,open_area
33_31,33,31,62500.0,0,,0.0,open_area
33_32,33,32,62500.0,0,,0.0,open_area
33_33,33,33,62500.0,0,,0.0,open_area
33_34,33,34,62500.0,0,,0.0,open_area
33_35,33,35,62500.0,0,,0.0,open_area
33_36,33,36,62500.0,0,,0.0,open_area
33_37,33,37,62500.0,0,,0.0,open_area
33_38,33,38,62500.0,0,,0.0,open_area
33_39,33,39,62500.0,0,,0.0,open_area
33_4,33,4,62500.0,0,,0.0,open_area
33_40,33,40,62500.0,0,,0.0,open_area
33_41,33,41,62500.0,0,,0.0,open_area
33_42,33,42,62500.0,0,,0.0,open_area
33_43,33,43,62500.0,0,,0.0,open_area
33_44,33,44,62500.0,0,,0.0,open_area
33_45,33,45,62500.0,0,,0.0,open_area
33_46,33,46,62500.0,0,,0.0,open_area
33_47,33,47,62500.0,0,,0.0,open_area
33_48,33,48,62500.0,0,,0.0,open_area
33_49,33,49,62500.0,0,,0.0,open_area
33_5,33,5,62500.0,0,,0.0,open_area
33_50,33,50,62500.0,0,,0.0,open_area
33_51,33,51,62500.0,0,,0.0,open_area
33_52,33,52,62435.95917898997,0,,0.0,open_area
33_53,33,53,40689.70729706052,0,,0.0,open_area
33_54,33,54,5697.016467373041,0,,0.0,open_area
33_6,33,6,62500.0,0,,0.0,open_area
33_7,33,7,62500.0,0,,0.0,open_area
33_8,33,8,62500.0,0,,0.0,open_area
33_9,33,9,62500.0,0,,0.0,open_area
34_0,34,0,39104.92337895805,0,,0.0,open_area
34_1,34,1,62500.0,0,,0.0,open_area
34_10,34,10,62500.0,0,,0.0,open_area
34_11,34,11,62500.0,0,,0.0,open_area
34_12,34,12,62500.0,0,,0.0,open_area
34_13,34,13,62500.0,0,,0.0,open_area
34_14,34,14,62500.0,0,,0.0,open_area
34_15,34,15,62500.0,0,,0.0,open_area
34_16,34,16,62500.0,0,,0.0,open_area
34_17,34,17,62500.0,0,,0.0,open_area
34_18,34,18,62500.0,0,,0.0,open_area
34_19,34,19,62500.0,0,,0.0,open_area
34_2,34,2,62500.0,0,,0.0,open_area
34_20,34,20,62500.0,0,,0.0,open_area
34_21,34,21,62500.0,0,,0.0,open_area
34_22,34,22,62500.0,0,,0.0,open_area
34_23,34,23,62500.0,0,,0.0,open_area
34_24,34,24,62500.0,0,,0.0,open_area
34_25,34,25,62500.0,0,,0.0,open_area
34_26,34,26,62500.0,0,,0.0,open_area
34_27,34,27,62500.0,0,,0.0,open_area
34_28,34,28,62500.0,0,,0.0,open_area
34_29,34,29,62500.0,0,,0.0,open_area
34_3,34,3,62500.0,0,,0.0,open_area
34_30,34,30,62500.0,0,,0.0,open_area
34_31,34,31,62500.0,0,,0.0,open_area
34_32,34,32,62500.0,0,,0.0,open_area
34_33,34,33,62500.0,0,,0.0,open_area
34_34,34,34,62500.0,0,,0.0,open_area
34_35,34,35,62500.0,0,,0.0,open_area
34_36,34,36,62500.0,0,,0.0,open_area
34_37,34,37,62500.0,0,,0.0,open_area
34_38,34,38,62500.0,0,,0.0,open_area
34_39,34,39,62500.0,0,,0.0,open_area
34_4,34,4,62500.0,0,,0.0,open_area
34_40,34,40,62500.0,0,,0.0,open_area
34_41,34,41,62500.0,0,,0.0,open_area
34_42,34,42,62500.0,0,,0.0,open_area
34_43,34,43,62500.0,0,,0.0,open_area
34_44,34,44,62500.0,0,,0.0,open_area
34_45,34,45,62500.0,0,,0.0,open_area
34_46,34,46,62500.0,0,,0.0,open_area
34_47,34,47,62500.0,0,,0.0,open_area
34_48,34,48,62500.0,0,,0.0,open_area
34_49,34,49,62500.0,0,,0.0,open_area
34_5,34,5,62500.0,0,,0.0,open_area
34_50,34,50,62500.0,0,,0.0,open_area
34_51,34,51,54130.73544254104,0,,0.0,open_area
34_52,34,52,17396.195967674666,0,,0.0,open_area
34_6,34,6,62500.0,0,,0.0,open_area
34_7,34,7,62500.0,0,,0.0,open_area
34_8,34,8,62500.0,0,,0.0,open_area
34_9,34,9,62500.0,0,,0.0,open_area
35_0,35,0,233.66104462185496,0,,0.0,open_area
35_1,35,1,21328.95797069068,0,,0.0,open_area
35_10,35,10,62500.0,0,,0.0,open_area
35_11,35,11,62500.0,0,,0.0,open_area
35_12,35,12,62500.0,0,,0.0,open_area
35_13,35,13,62500.0,0,,0.0,open_area
35_14,35,14,62500.0,0,,0.0,open_area
35_15,35,15,62500.0,0,,0.0,open_area
35_16,35,16,62500.0,0,,0.0,open_area
35_17,35,17,62500.0,0,,0.0,open_area
35_18,35,18,62500.0,0,,0.0,open_area
35_19,35,19,62500.0,0,,0.0,open_area
35_2,35,2,54273.70175512254,0,,0.0,open_area
35_20,35,20,62500.0,0,,0.0,open_area
35_21,35,21,62500.0,0,,0.0,open_area
35_22,35,22,62500.0,0,,0.0,open_area
35_23,35,23,62500.0,0,,0.0,open_area
35_24,35,24,62500.0,0,,0.0,open_area
35_25,35,25,62500.0,0,,0.0,open_area
35_26,35,26,62500.0,0,,0.0,open_area
35_27,35,27,62500.0,0,,0.0,open_area
35_28,35,28,62500.0,0,,0.0,open_area
35_29,35,29,62500.0,0,,0.0,open_area
35_3,35,3,62500.0,0,,0.0,open_area
35_30,35,30,62500.0,0,,0.0,open_area
35_31,35,31,62500.0,0,,0.0,open_area
35_32,35,32,62500.0,0,,0.0,open_area
35_33,35,33,62500.0,0,,0.0,open_area
35_34,35,34,62500.0,0,,0.0,open_area
35_35,35,35,62500.0,0,,0.0,open_area
35_36,35,36,62500.0,0,,0.0,open_area
35_37,35,37,62500.0,0,,0.0,open_area
35_38,35,38,62500.0,0,,0.0,open_area
35_39,35,39,62500.0,0,,0.0,open_area
35_4,35,4,62500.0,0,,0.0,open_area
35_40,35,40,62500.0,0,,0.0,open_area
35_41,35,41,62500.0,0,,0.0,open_area
35_42,35,42,62500.0,0,,0.0,open_area
35_43,35,43,62500.0,0,,0.0,open_area
35_44,35,44,62500.0,0,,0.0,open_area
35_45,35,45,62500.0,0,,0.0,open_area
35_46,35,46,62500.0,0,,0.0,open_area
35_47,35,47,62500.0,0,,0.0,open_area
35_48,35,48,62500.0,0,,0.0,open_area
35_49,35,49,61270.261477440115,0,,0.0,open_area
35_5,35,5,62500.0,0,,0.0,open_area
35_50,35,50,33117.05084585992,0,,0.0,open_area
35_51,35,51,2343.8675537111108,0,,0.0,open_area
35_6,35,6,62500.0,0,,0.0,open_area
35_7,35,7,62500.0,0,,0.0,open_area
35_8,35,8,62500.0,0,,0.0,open_area
35_9,35,9,62500.0,0,,0.0,open_area
36_10,36,10,62500.0,0,,0.0,open_area
36_11,36,11,62500.0,0,,0.0,open_area
36_12,36,12,62500.0,0,,0.0,open_area
36_13,36,13,62500.0,0,,0.0,open_area
36_14,36,14,62500.0,0,,0.0,open_area
36_15,36,15,62500.0,0,,0.0,open_area
36_16,36,16,62500.0,0,,0.0,open_area
36_17,36,17,62500.0,0,,0.0,open_area
36_18,36,18,62500.0,0,,0.0,open_area
36_19,36,19,62500.0,0,,0.0,open_area
36_2,36,2,1669.3139356849365,0,,0.0,open_area
36_20,36,20,62500.0,0,,0.0,open_area
36_21,36,21,62500.0,0,,0.0,open_area
36_22,36,22,62500.0,0,,0.0,open_area
36_23,36,23,62500.0,0,,0.0,open_area
36_24,36,24,62500.0,0,,0.0,open_area
36_25,36,25,62500.0,0,,0.0,open_area
36_26,36,26,62500.0,0,,0.0,open_area
36_27,36,27,62500.0,0,,0.0,open_area
36_28,36,28,62500.0,0,,0.0,open_area
36_29,36,29,62500.0,0,,0.0,open_area
36_3,36,3,28057.073410920566,0,,0.0,open_area
36_30,36,30,62500.0,0,,0.0,open_area
36_31,36,31,62500.0,0,,0.0,open_area
36_32,36,32,62500.0,0,,0.0,open_area
36_33,36,33,62500.0,0,,0.0,open_area
36_34,36,34,62500.0,0,,0.0,open_area
36_35,36,35,62500.0,0,,0.0,open_area
36_36,36,36,62500.0,0,,0.0,open_area
36_37,36,37,62500.0,0,,0.0,open_area
36_38,36,38,62500.0,0,,0.0,open_area
36_39,36,39,62500.0,0,,0.0,open_area
36_4,36,4,58258.38531625309,0,,0.0,open_area
36_40,36,40,62500.0,0,,0.0,open_area
36_41,36,41,62500.0,0,,0.0,open_area
36_42,36,42,62500.0,0,,0.0,open_area
36_43,36,43,62500.0,0,,0.0,open_area
36_44,36,44,62500.0,0,,0.0,open_area
36_45,36,45,62500.0,0,,0.0,open_area
36_46,36,46,62500.0,0,,0.0,open_area
36_47,36,47,62500.0,0,,0.0,open_area
36_48,36,48,48446.19112578249,0,,0.0,open_area
36_49,36,49,10989.237218025257,0,,0.0,open_area
36_5,36,5,62500.0,0,,0.0,open_area
36_6,36,6,62500.0,0,,0.0,open_area
36_7,36,7,62500.0,0,,0.0,open_area
36_8,36,8,62500.0,0,,0.0,open_area
36_9,36,9,62500.0,0,,0.0,open_area
37_10,37,10,62500.0,0,,0.0,open_area
37_11,37,11,62500.0,0,,0.0,open_area
37_12,37,12,62500.0,0,,0.0,open_area
37_13,37,13,62500.0,0,,0.0,open_area
37_14,37,14,62500.0,0,,0.0,open_area
37_15,37,15,62500.0,0,,0.0,open_area
37_16,37,16,62500.0,0,,0.0,open_area
37_17,37,17,62500.0,0,,0.0,open_area
37_18,37,18,62500.0,0,,0.0,open_area
37_19,37,19,62500.0,0,,0.0,open_area
37_20,37,20,62500.0,0,,0.0,open_area
37_21,37,21,62500.0,0,,0.0,open_area
37_22,37,22,62500.0,0,,0.0,open_area
37_23,37,23,62500.0,0,,0.0,open_area
37_24,37,24,62500.0,0,,0.0,open_area
37_25,37,25,62500.0,0,,0.0,open_area
37_26,37,26,62500.0,0,,0.0,open_area
37_27,37,27,62500.0,0,,0.0,open_area
37_28,37,28,62500.0,0,,0.0,open_area
37_29,37,29,62500.0,0,,0.0,open_area
37_30,37,30,62500.0,0,,0.0,open_area
37_31,37,31,62500.0,0,,0.0,open_area
37_32,37,32,62500.0,0,,0.0,open_area
37_33,37,33,62500.0,0,,0.0,open_area
37_34,37,34,62500.0,0,,0.0,open_area
37_35,37,35,62500.0,0,,0.0,open_area
37_36,37,36,62500.0,0,,0.0,open_area
37_37,37,37,62500.0,0,,0.0,open_area
37_38,37,38,62500.0,0,,0.0,open_area
37_39,37,39,62500.0,0,,0.0,open_area
37_4,37,4,4412.745814785185,0,,0.0,open_area
37_40,37,40,62500.0,0,,0.0,open_area
37_41,37,41,62500.0,0,,0.0,open_area
37_42,37,42,62500.0,0,,0.0,open_area
37_43,37,43,62500.0,0,,0.0,open_area
37_44,37,44,62500.0,0,,0.0,open_area
37_45,37,45,62500.0,0,,0.0,open_area
37_46,37,46,58639.52699667114,0,,0.0,open_area
37_47,37,47,25544.39439465932,0,,0.0,open_area
37_48,37,48,455.7554192717774,0,,0.0,open_area
37_5,37,5,34785.18885115045,0,,0.0,open_area
37_6,37,6,60935.289889346466,0,,0.0,open_area
37_7,37,7,62500.0,0,,0.0,open_area
37_8,37,8,62500.0,0,,0.0,open_area
37_9,37,9,62500.0,0,,0.0,open_area
38_10,38,10,62500.0,0,,0.0,open_area
38_11,38,11,62500.0,0,,0.0,open_area
38_12,38,12,62500.0,0,,0.0,open_area
38_13,38,13,62500.0,0,,0.0,open_area
38_14,38,14,62500.0,0,,0.0,open_area
38_15,38,15,62500.0,0,,0.0,open_area
38_16,38,16,62500.0,0,,0.0,open_area
38_17,38,17,62500.0,0,,0.0,open_area
38_18,38,18,62500.0,0,,0.0,open_area
38_19,38,19,62500.0,0,,0.0,open_area
38_20,38,20,62500.0,0,,0.0,open_area
38_21,38,21,62500.0,0,,0.0,open_area
38_22,38,22,62500.0,0,,0.0,open_area
38_23,38,23,62500.0,0,,0.0,open_area
38_24,38,24,62500.0,0,,0.0,open_area
38_25,38,25,62500.0,0,,0.0,open_area
38_26,38,26,62500.0,0,,0.0,open_area
38_27,38,27,62500.0,0,,0.0,open_area
38_28,38,28,62500.0,0,,0.0,open_area
38_29,38,29,62500.0,0,,0.0,open_area
38_30,38,30,62500.0,0,,0.0,open_area
38_31,38,31,62500.0,0,,0.0,open_area
38_32,38,32,62500.0,0,,0.0,open_area
38_33,38,33,62500.0,0,,0.0,open_area
38_34,38,34,62500.0,0,,0.0,open_area
38_35,38,35,62500.0,0,,0.0,open_area
38_36,38,36,62500.0,0,,0.0,open_area
38_37,38,37,62500.0,0,,0.0,open_area
38_38,38,38,62500.0,0,,0.0,open_area
38_39,38,39,62500.0,0,,0.0,open_area
38_40,38,40,62500.0,0,,0.0,open_area
38_41,38,41,62500.0,0,,0.0,open_area
38_42,38,42,62500.0,0,,0.0,open_area
38_43,38,43,62500.0,0,,0.0,open_area
38_44,38,44,62467.31993596254,0,,0.0,open_area
38_45,38,45,41329.29009383952,0,,0.0,open_area
38_46,38,46,6047.315247572233,0,,0.0,open_area
38_6,38,6,8463.9566819226,0,,0.0,open_area
38_7,38,7,41513.30429138034,0,,0.0,open_area
38_8,38,8,62304.41547440268,0,,0.0,open_area
38_9,38,9,62500.0,0,,0.0,open_area
39_10,39,10,62500.0,0,,0.0,open_area
39_11,39,11,62500.0,0,,0.0,open_area
39_12,39,12,62500.0,0,,0.0,open_area
39_13,39,13,62500.0,0,,0.0,open_area
39_14,39,14,62500.0,0,,0.0,open_area
39_15,39,15,62500.0,0,,0.0,open_area
39_16,39,16,62500.0,0,,0.0,open_area
39_17,39,17,62500.0,0,,0.0,open_area
39_18,39,18,62500.0,0,,0.0,open_area
39_19,39,19,62500.0,0,,0.0,open_area
39_20,39,20,62500.0,0,,0.0,open_area
39_21,39,21,62500.0,0,,0.0,open_area
39_22,39,22,62500.0,0,,0.0,open_area
39_23,39,23,62500.0,0,,0.0,open_area
39_24,39,24,62500.0,0,,0.0,open_area
39_25,39,25,62500.0,0,,0.0,open_area
39_26,39,26,62500.0,0,,0.0,open_area
39_27,39,27,62500.0,0,,0.0,open_area
39_28,39,28,62500.0,0,,0.0,open_area
39_29,39,29,62500.0,0,,0.0,open_area
39_30,39,30,62500.0,0,,0.0,open_area
39_31,39,31,62500.0,0,,0.0,open_area
39_32,39,32,62500.0,0,,0.0,open_area
39_33,39,33,62500.0,0,,0.0,open_area
39_34,39,34,62500.0,0,,0.0,open_area
39_35,39,35,62500.0,0,,0.0,open_area
39_36,39,36,62500.0,0,,0.0,open_area
39_37,39,37,62500.0,0,,0.0,open_area
39_38,39,38,62500.0,0,,0.0,open_area
39_39,39,39,62500.0,0,,0.0,open_area
39_40,39,40,62500.0,0,,0.0,open_area
39_41,39,41,62500.0,0,,0.0,open_area
39_42,39,42,62500.0,0,,0.0,open_area
39_43,39,43,54543.755736699095,0,,0.0,open_area
39_44,39,44,18004.418007457603,0,,0.0,open_area
39_8,39,8,13822.946537097183,0,,0.0,open_area
39_9,39,9,48107.18180303744,0,,0.0,open_area
3_37,3,37,9291.849304587597,0,,0.0,open_area
3_38,3,38,38423.77391731134,0,,0.0,open_area
3_39,3,39,61085.156266599784,0,,0.0,open_area
3_40,3,40,62500.0,0,,0.0,open_area
3_41,3,41,62500.0,0,,0.0,open_area
3_42,3,42,62500.0,0,,0.0,open_area
3_43,3,43,62500.0,0,,0.0,open_area
3_44,3,44,62500.0,0,,0.0,open_area
3_45,3,45,62500.0,8,46.274648632636854,128.0,normal_urban
3_46,3,46,62500.0,0,,0.0,open_area
3_47,3,47,62500.0,2,30.95,32.0,open_area
3_48,3,48,62500.0,26,35.87307692307692,416.0,dense_urban
3_49,3,49,62500.0,106,36.99974371762771,1696.0,dense_urban
3_50,3,50,62500.0,152,30.346300863989875,2432.0,dense_urban
3_51,3,51,62500.0,367,20.23867496808432,5872.0,dense_urban
3_52,3,52,62500.0,259,17.112278622494348,4144.0,dense_urban
3_53,3,53,62500.0,228,18.705820786508276,3648.0,dense_urban
3_54,3,54,62500.0,209,18.979159118609093,3344.0,dense_urban
3_55,3,55,62500.0,60,24.45374933630342,960.0,dense_urban
3_56,3,56,62500.0,7,39.01955381917377,112.0,normal_urban
3_57,3,57,62500.0,2,91.5,32.0,open_area
3_58,3,58,62500.0,30,27.940492730195952,480.0,dense_urban
3_59,3,59,62500.0,7,27.07253493436949,112.0,normal_urban
3_60,3,60,28183.917135561038,11,15.57272727272727,390.2935119732082,dense_urban
40_10,40,10,20355.477451725164,0,,0.0,open_area
40_11,40,11,53588.86485225011,0,,0.0,open_area
40_12,40,12,62500.0,0,,0.0,open_area
40_13,40,13,62500.0,0,,0.0,open_area
40_14,40,14,62500.0,0,,0.0,open_area
40_15,40,15,62500.0,0,,0.0,open_area
40_16,40,16,62500.0,0,,0.0,open_area
40_17,40,17,62500.0,0,,0.0,open_area
40_18,40,18,62500.0,0,,0.0,open_area
40_19,40,19,62500.0,0,,0.0,open_area
40_20,40,20,62500.0,0,,0.0,open_area
40_21,40,21,62500.0,0,,0.0,open_area
40_22,40,22,62500.0,0,,0.0,open_area
40_23,40,23,62500.0,0,,0.0,open_area
40_24,40,24,62500.0,0,,0.0,open_area
40_25,40,25,62500.0,0,,0.0,open_area
40_26,40,26,62500.0,0,,0.0,open_area
40_27,40,27,62500.0,0,,0.0,open_area
40_28,40,28,62500.0,0,,0.0,open_area
40_29,40,29,62500.0,0,,0.0,open_area
40_30,40,30,62500.0,0,,0.0,open_area
40_31,40,31,62500.0,0,,0.0,open_area
40_32,40,32,62500.0,0,,0.0,open_area
40_33,40,33,62500.0,0,,0.0,open_area
40_34,40,34,62500.0,0,,0.0,open_area
40_35,40,35,62500.0,0,,0.0,open_area
40_36,40,36,62500.0,0,,0.0,open_area
40_37,40,37,62500.0,0,,0.0,open_area
40_38,40,38,62500.0,0,,0.0,open_area
40_39,40,39,62500.0,0,,0.0,open_area
40_40,40,40,62500.0,0,,0.0,open_area
40_41,40,41,61425.35851198615,0,,0.0,open_area
40_42,40,42,33756.63364263892,0,,0.0,open_area
40_43,40,43,2570.4300563494526,0,,0.0,open_area
40_9,40,9,134.23792857827604,0,,0.0,open_area
41_11,41,11,1380.670319596399,0,,0.0,open_area
41_12,41,12,27083.5928919696,0,,0.0,open_area
41_13,41,13,57762.768913433225,0,,0.0,open_area
41_14,41,14,62500.0,0,,0.0,open_area
41_15,41,15,62500.0,0,,0.0,open_area
41_16,41,16,62500.0,0,,0.0,open_area
41_17,41,17,62500.0,0,,0.0,open_area
41_18,41,18,62500.0,0,,0.0,open_area
41_19,41,19,62500.0,0,,0.0,open_area
41_20,41,20,62500.0,0,,0.0,open_area
41_21,41,21,62500.0,0,,0.0,open_area
41_22,41,22,62500.0,0,,0.0,open_area
41_23,41,23,62500.0,0,,0.0,open_area
41_24,41,24,62500.0,0,,0.0,open_area
41_25,41,25,62500.0,0,,0.0,open_area
41_26,41,26,62500.0,0,,0.0,open_area
41_27,41,27,62500.0,0,,0.0,open_area
41_28,41,28,62500.0,0,,0.0,open_area
41_29,41,29,62500.0,0,,0.0,open_area
41_30,41,30,62500.0,0,,0.0,open_area
41_31,41,31,62500.0,0,,0.0,open_area
41_32,41,32,62500.0,0,,0.0,open_area
41_33,41,33,62500.0,0,,0.0,open_area
41_34,41,34,62500.0,0,,0.0,open_area
41_35,41,35,62500.0,0,,0.0,open_area
41_36,41,36,62500.0,0,,0.0,open_area
41_37,41,37,62500.0,0,,0.0,open_area
41_38,41,38,62500.0,0,,0.0,open_area
41_39,41,39,62500.0,0,,0.0,open_area
41_40,41,40,48982.94769750029,0,,0.0,open_area
41_41,41,41,11473.722980248447,0,,0.0,open_area
42_13,42,13,3934.8816986586276,0,,0.0,open_area
42_14,42,14,32006.795424660086,0,,0.0,open_area
42_15,42,15,39226.3028435118,0,,0.0,open_area
42_16,42,16,38144.40235911752,0,,0.0,open_area
42_17,42,17,37062.50187472324,0,,0.0,open_area
42_18,42,18,35980.60139032896,0,,0.0,open_area
42_19,42,19,34898.700905934675,0,,0.0,open_area
42_20,42,20,33816.80042154039,0,,0.0,open_area
42_21,42,21,32734.89993714611,0,,0.0,open_area
42_22,42,22,31652.999452737276,0,,0.0,open_area
42_23,42,23,30571.098968328442,0,,0.0,open_area
42_24,42,24,29489.19848393416,0,,0.0,open_area
42_25,42,25,28407.29799953988,0,,0.0,open_area
42_26,42,26,27325.397515145596,0,,0.0,open_area
42_27,42,27,26243.497030751314,0,,0.0,open_area
42_28,42,28,25161.596546357032,0,,0.0,open_area
42_29,42,29,24079.696061948198,0,,0.0,open_area
42_30,42,30,22997.795577539364,0,,0.0,open_area
42_31,42,31,21915.89509314508,0,,0.0,open_area
42_32,42,32,20833.9946087508,0,,0.0,open_area
42_33,42,33,19752.094124356518,0,,0.0,open_area
42_34,42,34,18670.193639962235,0,,0.0,open_area
42_35,42,35,17588.293155567953,0,,0.0,open_area
42_36,42,36,16506.39267115912,0,,0.0,open_area
42_37,42,37,15424.492186750285,0,,0.0,open_area
42_38,42,38,14342.591702356003,0,,0.0,open_area
42_39,42,39,12770.74425895282,0,,0.0,open_area
42_40,42,40,558.5816443209844,0,,0.0,open_area
4_35,4,35,11265.897647977587,0,,0.0,open_area
4_36,4,36,41344.0199020406,0,,0.0,open_area
4_37,4,37,61842.04760506832,1,11.420406157630701,16.1702278421655,open_area
4_38,4,38,62500.0,2,13.172269978374345,32.0,open_area
4_39,4,39,62500.0,1,9.18043334676535,16.0,open_area
4_40,4,40,62500.0,0,,0.0,open_area
4_41,4,41,62500.0,0,,0.0,open_area
4_42,4,42,62500.0,0,,0.0,open_area
4_43,4,43,62500.0,0,,0.0,open_area
4_44,4,44,62500.0,0,,0.0,open_area
4_45,4,45,62500.0,0,,0.0,open_area
4_46,4,46,62500.0,3,37.82618149419749,48.0,open_area
4_47,4,47,62500.0,3,14.1,48.0,open_area
4_48,4,48,62500.0,1,12.693740544193531,16.0,open_area
4_49,4,49,62500.0,5,55.160000000000004,80.0,normal_urban
4_50,4,50,62500.0,77,40.774993700202174,1232.0,dense_urban
4_51,4,51,62500.0,221,25.031215020476946,3536.0,dense_urban
4_52,4,52,62500.0,574,16.477772964323645,9184.0,dense_urban
4_53,4,53,62500.0,383,20.830943052267727,6128.0,dense_urban
4_54,4,54,62500.0,149,20.41293640928781,2384.0,dense_urban
4_55,4,55,62500.0,191,22.967333214622926,3056.0,dense_urban
4_56,4,56,62500.0,25,37.95124045986245,400.0,dense_urban
4_57,4,57,62500.0,9,57.166666666666664,144.0,normal_urban
4_58,4,58,62500.0,11,18.913709497252317,176.0,normal_urban
4_59,4,59,62500.0,28,25.108501975603502,448.0,dense_urban
4_60,4,60,20382.43435160257,5,37.42,245.30926550522042,dense_urban
5_20,5,20,10706.193098446043,0,,0.0,open_area
5_21,5,21,26253.803608269664,2,9.0,76.17943783848607,normal_urban
5_22,5,22,30285.646430085762,1,9.0,33.01894190399714,open_area
5_23,5,23,34317.48925191641,4,18.753061264672727,116.55864363027739,normal_urban
5_24,5,24,38349.332073747064,1,39.12188563262519,26.07607345225638,open_area
5_25,5,25,40155.80297741974,1,35.669265944823245,24.90300095760297,open_area
5_34,5,34,22176.20234584892,0,,0.0,open_area
5_35,5,35,60988.72842606028,3,41.833333333333336,49.18941708445441,open_area
5_36,5,36,62500.0,3,8.0,48.0,open_area
5_37,5,37,62500.0,6,8.28051922387919,96.0,normal_urban
5_38,5,38,62500.0,0,,0.0,open_area
5_39,5,39,62500.0,0,,0.0,open_area
5_40,5,40,62500.0,0,,0.0,open_area
5_41,5,41,62500.0,0,,0.0,open_area
5_42,5,42,62500.0,0,,0.0,open_area
5_43,5,43,62500.0,0,,0.0,open_area
5_44,5,44,62500.0,0,,0.0,open_area
5_45,5,45,62500.0,1,20.33587939827737,16.0,open_area
5_46,5,46,62500.0,3,19.354040949674083,48.0,open_area
5_47,5,47,62500.0,0,,0.0,open_area
5_48,5,48,62500.0,0,,0.0,open_area
5_49,5,49,62500.0,9,63.22881530570474,144.0,normal_urban
5_50,5,50,62500.0,48,34.66306280121483,768.0,dense_urban
5_51,5,51,62500.0,153,26.319799714362826,2448.0,dense_urban
5_52,5,52,62500.0,284,30.971357629110827,4544.0,dense_urban
5_53,5,53,62500.0,183,31.03418909006383,2928.0,dense_urban
5_54,5,54,62500.0,244,24.74304979162364,3904.0,dense_urban
5_55,5,55,62500.0,237,19.88978486010905,3792.0,dense_urban
5_56,5,56,62500.0,49,44.27265253518257,784.0,dense_urban
5_57,5,57,62500.0,24,66.625,384.0,dense_urban
5_58,5,58,62500.0,21,42.546807581564465,336.0,dense_urban
5_59,5,59,62500.0,22,50.82214178933541,352.0,dense_urban
5_60,5,60,37300.49036814078,13,22.35356030586685,348.5208873045702,dense_urban
5_61,5,61,5219.51700960043,4,16.309548785416542,766.3544333015235,dense_urban
6_19,6,19,3316.382960618222,0,,0.0,open_area
6_20,6,20,55130.57279521596,4,31.542617051971696,72.55502341428794,normal_urban
6_21,6,21,62500.0,6,8.971248553156443,96.0,normal_urban
6_22,6,22,62500.0,4,8.576073394335902,64.0,open_area
6_23,6,23,62500.0,2,20.484485325867066,32.0,open_area
6_24,6,24,62500.0,5,36.52583960290068,80.0,normal_urban
6_25,6,25,62414.46510235261,8,32.949422925436025,128.17541553678163,normal_urban
6_26,6,26,1679.6485885785314,0,,0.0,open_area
6_27,6,27,160.7075994453253,0,,0.0,open_area
6_28,6,28,1307.9756460602653,2,15.0,1529.080458053001,dense_urban
6_32,6,32,15.157701160613298,0,,0.0,open_area
6_33,6,33,28987.25451626524,0,,0.0,open_area
6_34,6,34,62194.06863990859,3,16.34272860733012,48.236111024821504,open_area
6_35,6,35,62500.0,26,47.359971064329024,416.0,dense_urban
6_36,6,36,62500.0,16,31.706317037095943,256.0,dense_urban
6_37,6,37,62500.0,10,8.89345278659744,160.0,normal_urban
6_38,6,38,62500.0,5,10.42842322080792,80.0,normal_urban
6_39,6,39,62500.0,0,,0.0,open_area
6_40,6,40,62500.0,0,,0.0,open_area
6_41,6,41,62500.0,0,,0.0,open_area
6_42,6,42,62500.0,0,,0.0,open_area
6_43,6,43,62500.0,0,,0.0,open_area
6_44,6,44,62500.0,0,,0.0,open_area
6_45,6,45,62500.0,0,,0.0,open_area
6_46,6,46,62500.0,0,,0.0,open_area
6_47,6,47,62500.0,0,,0.0,open_area
6_48,6,48,62500.0,3,46.063771021733025,48.0,open_area
6_49,6,49,62500.0,19,63.023323132803,304.0,dense_urban
6_50,6,50,62500.0,24,45.737172929386325,384.0,dense_urban
6_51,6,51,62500.0,125,29.78073453704091,2000.0,dense_urban
6_52,6,52,62500.0,284,29.6728132678087,4544.0,dense_urban
6_53,6,53,62500.0,160,37.008271527045316,2560.0,dense_urban
6_54,6,54,62500.0,169,30.146645063398207,2704.0,dense_urban
6_55,6,55,62500.0,303,21.865922850216684,4848.0,dense_urban
6_56,6,56,62500.0,179,23.67128590423532,2864.0,dense_urban
6_57,6,57,62500.0,39,50.25009399975364,624.0,dense_urban
6_58,6,58,62500.0,19,27.297996889416368,304.0,dense_urban
6_59,6,59,62500.0,32,52.356842052819474,512.0,dense_urban
6_60,6,60,62500.0,22,49.45750620339818,352.0,dense_urban
6_61,6,61,55876.47742786851,4,10.541258152430682,71.58647402502493,normal_urban
7_19,7,19,34829.879127582324,8,36.0,229.68784849054143,dense_urban
7_20,7,20,62500.0,9,30.93120673518788,144.0,normal_urban
7_21,7,21,62500.0,6,10.107710604056338,96.0,normal_urban
7_22,7,22,62500.0,3,8.69903855355121,48.0,open_area
7_23,7,23,62500.0,3,26.525679929821806,48.0,open_area
7_24,7,24,62500.0,1,34.11951427846907,16.0,open_area
7_25,7,25,62500.0,5,42.32690923216975,80.0,normal_urban
7_26,7,26,12102.752455166254,0,,0.0,open_area
7_27,7,27,11950.331023470366,2,7.619759426266159,167.35938076292732,normal_urban
7_28,7,28,22080.86735447148,4,5.933397354414745,181.15230420013285,normal_urban
7_29,7,29,9277.120989272536,2,3.8507851379415734,215.5841238152085,dense_urban
7_31,7,31,1850.7714284281087,0,,0.0,open_area
7_32,7,32,37702.43955842525,0,,0.0,open_area
7_33,7,33,62500.0,4,11.650232809685017,64.0,open_area
7_34,7,34,62500.0,0,,0.0,open_area
7_35,7,35,62500.0,12,38.094042909048255,192.0,normal_urban
7_36,7,36,62500.0,12,56.651465748555744,192.0,normal_urban
7_37,7,37,62500.0,2,23.89125980614895,32.0,open_area
7_38,7,38,62500.0,8,48.61778958381245,128.0,normal_urban
7_39,7,39,62500.0,0,,0.0,open_area
7_40,7,40,62500.0,0,,0.0,open_area
7_41,7,41,62500.0,0,,0.0,open_area
7_42,7,42,62500.0,0,,0.0,open_area
7_43,7,43,62500.0,0,,0.0,open_area
7_44,7,44,62500.0,0,,0.0,open_area
7_45,7,45,62500.0,0,,0.0,open_area
7_46,7,46,62500.0,0,,0.0,open_area
7_47,7,47,62500.0,4,116.74290084552007,64.0,open_area
7_48,7,48,62500.0,1,132.0,16.0,open_area
7_49,7,49,62500.0,8,45.25206547497006,128.0,normal_urban
7_50,7,50,62500.0,41,60.32554623373284,656.0,dense_urban
7_51,7,51,62500.0,40,43.442940241048966,640.0,dense_urban
7_52,7,52,62500.0,181,36.336334382863996,2896.0,dense_urban
7_53,7,53,62500.0,73,29.37459862604625,1168.0,dense_urban
7_54,7,54,62500.0,174,27.304030254856205,2784.0,dense_urban
7_55,7,55,62500.0,127,30.5168546889607,2032.0,dense_urban
7_56,7,56,62500.0,158,25.75060257957542,2528.0,dense_urban
7_57,7,57,62500.0,46,28.858109519942953,736.0,dense_urban
7_58,7,58,62500.0,12,13.509988527716766,192.0,normal_urban
7_59,7,59,62500.0,30,44.49910736103502,480.0,dense_urban
7_60,7,60,62500.0,42,45.70458356265389,672.0,dense_urban
7_61,7,61,55864.5440131776,15,16.82802647268637,268.5066219543782,dense_urban
8_16,8,16,4870.018627003736,0,,0.0,open_area
8_17,8,17,11546.195365174179,0,,0.0,open_area
8_18,8,18,10209.017550369026,0,,0.0,open_area
8_19,8,19,11361.907047489622,0,,0.0,open_area
8_20,8,20,13169.11700574112,0,,0.0,open_area
8_21,8,21,14245.330419929815,1,12.359344536009225,70.19844191195159,normal_urban
8_22,8,22,15320.868502529725,0,,0.0,open_area
8_23,8,23,16396.31510869335,0,,0.0,open_area
8_24,8,24,17427.373747197773,1,32.3447985382698,57.38099236901914,open_area
8_25,8,25,17391.11262482642,2,25.34678755816379,115.00126778231143,normal_urban
8_26,8,26,2777.998985597614,1,15.880402676385852,359.9713337493808,dense_urban
8_27,8,27,109.51547550743855,1,3.0,9131.129599415177,dense_urban
8_30,8,30,8118.645157539716,0,,0.0,open_area
8_31,8,31,50006.29043096311,0,,0.0,open_area
8_32,8,32,62500.0,0,,0.0,open_area
8_33,8,33,62500.0,3,11.4,48.0,open_area
8_34,8,34,62500.0,1,40.6567468310685,16.0,open_area
8_35,8,35,62500.0,13,39.150630129531336,208.0,dense_urban
8_36,8,36,62500.0,12,43.46159649117475,192.0,normal_urban
8_37,8,37,62500.0,0,,0.0,open_area
8_38,8,38,62500.0,7,64.0851736697267,112.0,normal_urban
8_39,8,39,62500.0,0,,0.0,open_area
8_40,8,40,62500.0,0,,0.0,open_area
8_41,8,41,62500.0,0,,0.0,open_area
8_42,8,42,62500.0,0,,0.0,open_area
8_43,8,43,62500.0,0,,0.0,open_area
8_44,8,44,62500.0,0,,0.0,open_area
8_45,8,45,62500.0,0,,0.0,open_area
8_46,8,46,62500.0,0,,0.0,open_area
8_47,8,47,62500.0,0,,0.0,open_area
8_48,8,48,62500.0,8,65.56291240052808,128.0,normal_urban
8_49,8,49,62500.0,18,76.51121972275577,288.0,dense_urban
8_50,8,50,62500.0,19,57.37054089822578,304.0,dense_urban
8_51,8,51,62500.0,25,53.97749236319009,400.0,dense_urban
8_52,8,52,62500.0,32,52.793758471098805,512.0,dense_urban
8_53,8,53,62500.0,25,49.057741728075406,400.0,dense_urban
8_54,8,54,62500.0,84,32.411529327666486,1344.0,dense_urban
8_55,8,55,62500.0,112,33.67024388532991,1792.0,dense_urban
8_56,8,56,62500.0,87,24.579419565673984,1392.0,dense_urban
8_57,8,57,62500.0,32,41.727244211981855,512.0,dense_urban
8_58,8,58,62500.0,96,20.70365510531897,1536.0,dense_urban
8_59,8,59,62500.0,76,31.26450084227439,1216.0,dense_urban
8_60,8,60,62500.0,40,40.50958753895874,640.0,dense_urban
8_61,8,61,57145.16215435959,13,13.625815360270135,227.49082354311304,dense_urban
8_62,8,62,318.55504247243744,0,,0.0,open_area
9_13,9,13,1894.7965468713633,0,,0.0,open_area
9_14,9,14,41213.714340308514,0,,0.0,open_area
9_15,9,15,54638.26464647718,3,9.54311542663844,54.90657544507915,open_area
9_16,9,16,62405.80826796981,12,8.775566654240079,192.28979373958495,normal_urban
9_17,9,17,62500.0,45,8.643634460273356,720.0,dense_urban
9_18,9,18,62500.0,46,12.476950189915566,736.0,dense_urban
9_19,9,19,62500.0,1,29.367457838140577,16.0,open_area
9_20,9,20,62500.0,0,,0.0,open_area
9_21,9,21,62500.0,0,,0.0,open_area
9_22,9,22,62500.0,0,,0.0,open_area
9_23,9,23,62500.0,0,,0.0,open_area
9_24,9,24,62500.0,0,,0.0,open_area
9_25,9,25,62485.19487217317,0,,0.0,open_area
9_26,9,26,61603.13627886353,0,,0.0,open_area
9_27,9,27,60221.394737746654,0,,0.0,open_area
9_28,9,28,58815.27298287256,0,,0.0,open_area
9_29,9,29,57381.172462468385,0,,0.0,open_area
9_30,9,30,60355.34001724407,7,31.036000399419315,115.9797956237184,normal_urban
9_31,9,31,62500.0,45,24.88134326417947,720.0,dense_urban
9_32,9,32,62500.0,11,43.108697182274845,176.0,normal_urban
9_33,9,33,62500.0,8,13.537776797899177,128.0,normal_urban
9_34,9,34,62500.0,3,11.333978677303408,48.0,open_area
9_35,9,35,62500.0,16,35.702414092556964,256.0,dense_urban
9_36,9,36,62500.0,8,40.0125,128.0,normal_urban
9_37,9,37,62500.0,33,26.917896542318577,528.0,dense_urban
9_38,9,38,62500.0,0,,0.0,open_area
9_39,9,39,62500.0,0,,0.0,open_area
9_40,9,40,62500.0,0,,0.0,open_area
9_41,9,41,62500.0,0,,0.0,open_area
9_42,9,42,62500.0,0,,0.0,open_area
9_43,9,43,62500.0,0,,0.0,open_area
9_44,9,44,62500.0,0,,0.0,open_area
9_45,9,45,62500.0,0,,0.0,open_area
9_46,9,46,62500.0,0,,0.0,open_area
9_47,9,47,62500.0,5,40.38484101526367,80.0,normal_urban
9_48,9,48,62500.0,6,39.2667481867224,96.0,normal_urban
9_49,9,49,62500.0,13,55.276923076923076,208.0,dense_urban
9_50,9,50,62500.0,19,48.984210526315785,304.0,dense_urban
9_51,9,51,62500.0,28,50.34292664113241,448.0,dense_urban
9_52,9,52,62500.0,7,31.874471482096933,112.0,normal_urban
9_53,9,53,62500.0,21,67.26451246850195,336.0,dense_urban
9_54,9,54,62500.0,25,37.80562100544212,400.0,dense_urban
9_55,9,55,62500.0,77,40.05326171610633,1232.0,dense_urban
9_56,9,56,62500.0,39,26.792093880237363,624.0,dense_urban
9_57,9,57,62500.0,36,61.480652245051765,576.0,dense_urban
9_58,9,58,62500.0,35,38.07576384060388,560.0,dense_urban
9_59,9,59,62500.0,31,31.45373508474674,496.0,dense_urban
9_60,9,60,62500.0,29,51.3510654652274,464.0,dense_urban
9_61,9,61,36567.987231047286,3,49.32207711429845,82.03896979741101,normal_urban
9_62,9,62,279.33540990462967,0,,0.0,open_area
